{"AAPL": {"p": 59.98792726445679, "d1_open": 60.64587781624768, "h1_open": 60.01860933966563, "m5_open": 60.01860933966563, "m1_open": 60.01860933966563, "band": {"m1": 0.0005112093656685612, "m5": 0.005827542885157524, "h1": 0.009548171240062166, "d1": 0.02092300880192789}, "garch_variance": 1.062729408498052e-06, "prev_return": -0.0010224188204016682, "boundary_trend": 1, "trend_ou": 0.14520179569757774}, "GOOG": {"p": 116.64948439996719, "d1_open": 115.96066030903073, "h1_open": 116.59098795459168, "m5_open": 116.59098795459168, "m1_open": 116.59098795459168, "band": {"m1": 0.0005017235585848742, "m5": 0.005808453066643009, "h1": 0.009489389843485435, "d1": 0.02067103605296084}, "garch_variance": 1.0188369222082346e-06, "prev_return": 0.0, "boundary_trend": -1, "trend_ou": 0.07745364148037089}, "AMZN": {"p": 46.80294713899896, "d1_open": 46.96789998105076, "h1_open": 46.82840694605855, "m5_open": 46.82840694605855, "m1_open": 46.82840694605855, "band": {"m1": 0.0005436829633968809, "m5": 0.005892894739952579, "h1": 0.00974940276517132, "d1": 0.021785609276116995}, "garch_variance": 1.3537353920480326e-06, "prev_return": -0.001087366033932411, "boundary_trend": 1, "trend_ou": 0.05449798469641763}, "MSFT": {"p": 168.77914611436043, "d1_open": 167.62666310367777, "h1_open": 168.69620816167418, "m5_open": 168.69620816167418, "m1_open": 168.69620816167418, "band": {"m1": 0.0004916408826851821, "m5": 0.00578816207280688, "h1": 0.009426909786133893, "d1": 0.020403208598641406}, "garch_variance": 9.506437730067325e-07, "prev_return": 0.0, "boundary_trend": -1, "trend_ou": 0.09573566818112181}, "NVDA": {"p": 89.67379039578518, "d1_open": 90.12941982896956, "h1_open": 89.72055995998423, "m5_open": 89.72055995998423, "m1_open": 89.72055995998423, "band": {"m1": 0.0005212803422082368, "m5": 0.0058478103344857925, "h1": 0.009610578799131301, "d1": 0.02119052548459886}, "garch_variance": 1.1310835741943542e-06, "prev_return": -0.0010425607788493373, "boundary_trend": 1, "trend_ou": 0.004460548209291679}}