{"AAPL": {"p": 59.98182120320262, "d1_open": 60.64587781624768, "h1_open": 59.45028971705123, "m5_open": 59.8862394852233, "m1_open": 60.01326281444054, "band": {"m1": 0.0005239110450489596, "m5": 0.005853104521828205, "h1": 0.009626880668396806, "d1": 0.021260405192318435}, "garch_variance": 1.085672716855007e-06, "prev_return": 0.0, "boundary_trend": 1, "trend_ou": 0.14460144827359886}, "GOOG": {"p": 116.2067769083382, "d1_open": 115.96066030903073, "h1_open": 116.54179725422264, "m5_open": 116.38912355102275, "m1_open": 116.2678403940684, "band": {"m1": 0.0005251966968960454, "m5": 0.005855691846261139, "h1": 0.009634847561505261, "d1": 0.0212945561324827}, "garch_variance": 1.1391723388764113e-06, "prev_return": 0.0, "boundary_trend": 1, "trend_ou": 0.0715875403169568}, "AMZN": {"p": 46.97007575922713, "d1_open": 46.96789998105076, "h1_open": 46.9213797279267, "m5_open": 46.93623521737276, "m1_open": 46.946066668918256, "band": {"m1": 0.000511418570552348, "m5": 0.005827963901864759, "h1": 0.00954946763531153, "d1": 0.02092856593894322}, "garch_variance": 1.0161675656850225e-06, "prev_return": 0.0, "boundary_trend": -1, "trend_ou": 0.07176443409985801}, "MSFT": {"p": 168.34487337474908, "d1_open": 167.62666310367777, "h1_open": 167.82975859843555, "m5_open": 168.4329823778873, "m1_open": 168.43405377576997, "band": {"m1": 0.0005294677591718904, "m5": 0.005864287193287571, "h1": 0.009661314366409199, "d1": 0.02140800892497148}, "garch_variance": 1.1199370541365794e-06, "prev_return": 0.0, "boundary_trend": 1, "trend_ou": 0.09975348787207532}, "NVDA": {"p": 89.40763452779281, "d1_open": 90.12941982896956, "h1_open": 89.31770008616805, "m5_open": 89.35769526360833, "m1_open": 89.3577589275197, "band": {"m1": 0.0005581563467091454, "m5": 0.00592202186200815, "h1": 0.009839091041222001, "d1": 0.022170067672526585}, "garch_variance": 1.2550927055984863e-06, "prev_return": 0.0011163128093432649, "boundary_trend": -1, "trend_ou": 0.019308447481044568}}