{"AAPL": {"p": 59.98773416707639, "d1_open": 60.64587781624768, "h1_open": 59.45028971705123, "m5_open": 59.98182120320262, "m1_open": 60.0184645183307, "band": {"m1": 0.00051201495241396, "m5": 0.00582916409720956, "h1": 0.009553163278540333, "d1": 0.020944407709261627}, "garch_variance": 1.057099927345235e-06, "prev_return": 0.0, "boundary_trend": 1, "trend_ou": 0.14357029685153264}, "GOOG": {"p": 116.28723198350141, "d1_open": 115.96066030903073, "h1_open": 116.54179725422264, "m5_open": 116.2067769083382, "m1_open": 116.22678505345834, "band": {"m1": 0.0005200774504367013, "m5": 0.005845389561492137, "h1": 0.009603124751453784, "d1": 0.021158572911274348}, "garch_variance": 1.1287578094102209e-06, "prev_return": 0.001040154994654174, "boundary_trend": -1, "trend_ou": 0.076190907052545}, "AMZN": {"p": 46.88369733097684, "d1_open": 46.96789998105076, "h1_open": 46.9213797279267, "m5_open": 46.97007575922713, "m1_open": 46.907764103432044, "band": {"m1": 0.0005130658626606454, "m5": 0.005831279013284416, "h1": 0.009559675531154369, "d1": 0.020972323177227484}, "garch_variance": 1.1574320366387241e-06, "prev_return": 0.0, "boundary_trend": 1, "trend_ou": 0.06402015007512359}, "MSFT": {"p": 168.34029677197125, "d1_open": 167.62666310367777, "h1_open": 167.82975859843555, "m5_open": 168.34487337474908, "m1_open": 168.342301839839, "band": {"m1": 0.0005119165307434735, "m5": 0.005828966027418461, "h1": 0.009552553381755214, "d1": 0.020941793321402842}, "garch_variance": 9.845832642748426e-07, "prev_return": 0.00019862176271014003, "boundary_trend": 0, "trend_ou": 0.09257977593137884}, "NVDA": {"p": 89.53210748612372, "d1_open": 90.12941982896956, "h1_open": 89.31770008616805, "m5_open": 89.40763452779281, "m1_open": 89.48369581847702, "band": {"m1": 0.0005410110434521276, "m5": 0.005887517604788364, "h1": 0.009732845482853834, "d1": 0.02171463471300816}, "garch_variance": 1.1128813465947682e-06, "prev_return": 0.0010820221924709953, "boundary_trend": -1, "trend_ou": 0.016645926762495638}}