{"AAPL": {"p": 60.362663808338326, "d1_open": 60.64587781624768, "h1_open": 60.01860933966563, "m5_open": 60.2463716107673, "m1_open": 60.33179259753311, "band": {"m1": 0.0005116905942302961, "m5": 0.005828511338956603, "h1": 0.009551153304390676, "d1": 0.02093579173990165}, "garch_variance": 1.1606458890848594e-06, "prev_return": 0.0010233812777770762, "boundary_trend": -1, "trend_ou": 0.13240786326837908}, "GOOG": {"p": 116.88550629394142, "d1_open": 115.96066030903073, "h1_open": 116.59098795459168, "m5_open": 116.88485868151558, "m1_open": 116.82485521054137, "band": {"m1": 0.0005191624957784084, "m5": 0.005843548250761091, "h1": 0.009597454984807222, "d1": 0.021134268849596065}, "garch_variance": 1.2267710039402716e-06, "prev_return": 0.0, "boundary_trend": -1, "trend_ou": 0.08294077522107327}, "AMZN": {"p": 46.881747707853584, "d1_open": 46.96789998105076, "h1_open": 46.82840694605855, "m5_open": 46.83722647914959, "m1_open": 46.860681647375024, "band": {"m1": 0.0005029618485116743, "m5": 0.005810945077049969, "h1": 0.009497063245508273, "d1": 0.02070392891216843}, "garch_variance": 1.0752573555805518e-06, "prev_return": 0.0009525339683486795, "boundary_trend": 0, "trend_ou": 0.0665847897574257}, "MSFT": {"p": 168.7536972364498, "d1_open": 167.62666310367777, "h1_open": 168.69620816167418, "m5_open": 168.73593216259113, "m1_open": 168.7492195864793, "band": {"m1": 0.0004930944317596753, "m5": 0.005791087283892158, "h1": 0.009435917100307344, "d1": 0.020441819415077715}, "garch_variance": 1.1047417391735622e-06, "prev_return": -0.00046643890791910763, "boundary_trend": -1, "trend_ou": 0.09821492979277932}, "NVDA": {"p": 89.76483204324354, "d1_open": 90.12941982896956, "h1_open": 89.72055995998423, "m5_open": 89.85508776836274, "m1_open": 89.81022873110783, "band": {"m1": 0.000505473468954163, "m5": 0.005815999615688743, "h1": 0.009512627188141479, "d1": 0.020770645418383703}, "garch_variance": 1.1561639284200632e-06, "prev_return": 0.0, "boundary_trend": 1, "trend_ou": 0.03080824202445836}}