{"AAPL": {"p": 60.45227359994627, "d1_open": 60.64587781624768, "h1_open": 60.01860933966563, "m5_open": 60.421415236362286, "m1_open": 60.42152338917878, "band": {"m1": 0.0005089280945372285, "m5": 0.005822951915565233, "h1": 0.00953403471990243, "d1": 0.020862411094950524}, "garch_variance": 1.1052872990820517e-06, "prev_return": 0.0007403932511623152, "boundary_trend": -1, "trend_ou": 0.11908012356263713}, "GOOG": {"p": 116.58830405803978, "d1_open": 115.96066030903073, "h1_open": 116.59098795459168, "m5_open": 116.76398215485752, "m1_open": 116.64715312288975, "band": {"m1": 0.0005045049388214775, "m5": 0.005814050486395296, "h1": 0.009506625426422772, "d1": 0.020744918224288655}, "garch_variance": 1.2314401152052561e-06, "prev_return": 0.0, "boundary_trend": 1, "trend_ou": 0.07676724295033507}, "AMZN": {"p": 46.80989176629972, "d1_open": 46.96789998105076, "h1_open": 46.82840694605855, "m5_open": 46.833698801661114, "m1_open": 46.833788446593694, "band": {"m1": 0.0005102444428816816, "m5": 0.005825601015507473, "h1": 0.009542191832247828, "d1": 0.020897377430236903}, "garch_variance": 1.1099437485889446e-06, "prev_return": 0.0, "boundary_trend": 1, "trend_ou": 0.07836048503573811}, "MSFT": {"p": 168.6962453266292, "d1_open": 167.62666310367777, "h1_open": 168.69620816167418, "m5_open": 168.78202822370451, "m1_open": 168.6090762433711, "band": {"m1": 0.0005169892700928521, "m5": 0.005839174718434074, "h1": 0.009583987997786885, "d1": 0.021076541168094175}, "garch_variance": 1.309867187640428e-06, "prev_return": 0.0010339786323054735, "boundary_trend": -1, "trend_ou": 0.11021456512254908}, "NVDA": {"p": 89.85089702161625, "d1_open": 90.12941982896956, "h1_open": 89.72055995998423, "m5_open": 89.89633549011951, "m1_open": 89.89618245510019, "band": {"m1": 0.000503752575995725, "m5": 0.005812536385415382, "h1": 0.00950196320451166, "d1": 0.020724933110976423}, "garch_variance": 1.1362027222921702e-06, "prev_return": -0.0010075052372151183, "boundary_trend": 1, "trend_ou": 0.03362467885919403}}