{"AAPL": {"p": 60.4066808332142, "d1_open": 60.64587781624768, "h1_open": 60.34576209807594, "m5_open": 60.34623991845419, "m1_open": 60.376537107775135, "band": {"m1": 0.0004992622446241714, "m5": 0.005803499767845918, "h1": 0.009474137638718093, "d1": 0.020605655844479077}, "garch_variance": 1.0677377826849883e-06, "prev_return": 0.0009985245722133615, "boundary_trend": -1, "trend_ou": 0.10913669608675132}, "GOOG": {"p": 116.90977953842413, "d1_open": 115.96066030903073, "h1_open": 116.90937729849402, "m5_open": 116.90956551134133, "m1_open": 116.9676421540101, "band": {"m1": 0.0004946890825564543, "m5": 0.005794296456715932, "h1": 0.009445798789873651, "d1": 0.020484178335237278}, "garch_variance": 1.0583813958587032e-06, "prev_return": -0.0009893782458190287, "boundary_trend": 1, "trend_ou": 0.07061632125261921}, "AMZN": {"p": 46.95078387207732, "d1_open": 46.96789998105076, "h1_open": 46.998622621007485, "m5_open": 46.950708370044566, "m1_open": 46.973936407704855, "band": {"m1": 0.0004928804651708858, "m5": 0.005790656684438455, "h1": 0.0094345911978513, "d1": 0.0204361357922622}, "garch_variance": 1.0533984183914676e-06, "prev_return": -0.0009857610101658627, "boundary_trend": 1, "trend_ou": 0.06031947877204873}, "MSFT": {"p": 167.54909724486618, "d1_open": 167.62666310367777, "h1_open": 168.18314018534795, "m5_open": 167.71710903033275, "m1_open": 167.6334798499093, "band": {"m1": 0.0005033756092081498, "m5": 0.005811777754389332, "h1": 0.009499627226767096, "d1": 0.020714919692308237}, "garch_variance": 1.2645836285437473e-06, "prev_return": -0.0010067513034487338, "boundary_trend": 1, "trend_ou": 0.08893049414416801}, "NVDA": {"p": 89.63094426802473, "d1_open": 90.12941982896956, "h1_open": 89.81824119997734, "m5_open": 89.71985555230542, "m1_open": 89.67528012218196, "band": {"m1": 0.000494404412194906, "m5": 0.005793723568664291, "h1": 0.009444034752162555, "d1": 0.02047661659874865}, "garch_variance": 1.0492118882325787e-06, "prev_return": 0.0, "boundary_trend": 1, "trend_ou": 0.0276935393671893}}