{"AAPL": {"p": 60.405407420689656, "d1_open": 60.64587781624768, "h1_open": 60.01860933966563, "m5_open": 60.46517152250016, "m1_open": 60.43520021097846, "band": {"m1": 0.0004929708213888233, "m5": 0.0057908385228194045, "h1": 0.00943515111485498, "d1": 0.020438535936437515}, "garch_variance": 1.0610615000808938e-06, "prev_return": -0.0009859417226454723, "boundary_trend": 1, "trend_ou": 0.0968160694037087}, "GOOG": {"p": 116.73137326951687, "d1_open": 115.96066030903073, "h1_open": 116.59098795459168, "m5_open": 116.73090151570756, "m1_open": 116.7912754789214, "band": {"m1": 0.0005128996935678737, "m5": 0.005830944604435939, "h1": 0.009558645818948034, "d1": 0.020967909205624476}, "garch_variance": 1.1935735420790805e-06, "prev_return": 0.0, "boundary_trend": 1, "trend_ou": 0.07726084999328486}, "AMZN": {"p": 46.94059038432747, "d1_open": 46.96789998105076, "h1_open": 46.82840694605855, "m5_open": 46.89383323090911, "m1_open": 46.91724238012862, "band": {"m1": 0.0004976422955484766, "m5": 0.00580023968321791, "h1": 0.009464099181451099, "d1": 0.020562624922788562}, "garch_variance": 1.16666459897478e-06, "prev_return": 0.0009147822651794289, "boundary_trend": -1, "trend_ou": 0.0630144888206731}, "MSFT": {"p": 168.3396408714912, "d1_open": 167.62666310367777, "h1_open": 168.69620816167418, "m5_open": 168.1727590183512, "m1_open": 168.2560705362356, "band": {"m1": 0.0004966854092649679, "m5": 0.005798313986718913, "h1": 0.00945816957402671, "d1": 0.02053720702580021}, "garch_variance": 1.1717379484842095e-06, "prev_return": 0.0, "boundary_trend": -1, "trend_ou": 0.09953202255033873}, "NVDA": {"p": 89.81887869032231, "d1_open": 90.12941982896956, "h1_open": 89.72055995998423, "m5_open": 89.81711137604975, "m1_open": 89.77149079283261, "band": {"m1": 0.0005278724578503455, "m5": 0.005861076711307958, "h1": 0.009651428645688357, "d1": 0.021365632724836468}, "garch_variance": 1.3651139883131949e-06, "prev_return": 0.0, "boundary_trend": -1, "trend_ou": 0.03838067042157875}}