{"AAPL": {"p": 59.5531387070966, "d1_open": 60.64587781624768, "h1_open": 59.45028971705123, "m5_open": 59.55598186060402, "m1_open": 59.57764049274519, "band": {"m1": 0.000576782194903104, "m5": 0.005959505658438405, "h1": 0.009954511201004705, "d1": 0.02266482854314831}, "garch_variance": 1.22630168074876e-06, "prev_return": -0.0009879585832111733, "boundary_trend": 0, "trend_ou": 0.13998698606436907}, "GOOG": {"p": 116.41384790113334, "d1_open": 115.96066030903073, "h1_open": 116.54179725422264, "m5_open": 116.55181862898172, "m1_open": 116.48256413861822, "band": {"m1": 0.0005899272392656254, "m5": 0.005985959549924069, "h1": 0.01003596806164663, "d1": 0.02301400209623631}, "garch_variance": 1.2493716621548975e-06, "prev_return": 0.0, "boundary_trend": 1, "trend_ou": 0.059631524491928545}, "AMZN": {"p": 46.7860080830491, "d1_open": 46.96789998105076, "h1_open": 46.9213797279267, "m5_open": 46.731353078561675, "m1_open": 46.75867733912129, "band": {"m1": 0.000584506352256038, "m5": 0.005975050225257464, "h1": 0.010002376053470942, "d1": 0.022870006357171097}, "garch_variance": 1.3072968084592829e-06, "prev_return": 0.0, "boundary_trend": -1, "trend_ou": 0.05050613263025177}, "MSFT": {"p": 168.24592382354285, "d1_open": 167.62666310367777, "h1_open": 167.82975859843555, "m5_open": 168.14312932013704, "m1_open": 168.23843250034383, "band": {"m1": 0.0005684058233953655, "m5": 0.005942648535951918, "h1": 0.009902604725242917, "d1": 0.02244232587821389}, "garch_variance": 1.259859450882559e-06, "prev_return": -0.0005237173198041842, "boundary_trend": -1, "trend_ou": 0.0916531617891602}, "NVDA": {"p": 89.1817845517854, "d1_open": 90.12941982896956, "h1_open": 89.31770008616805, "m5_open": 89.18146253398177, "m1_open": 89.1298178137586, "band": {"m1": 0.0005830454869253692, "m5": 0.00597211029049065, "h1": 0.009993323402116172, "d1": 0.022831201198053715}, "garch_variance": 1.3904446826079883e-06, "prev_return": 0.001166091105985107, "boundary_trend": -1, "trend_ou": 0.004711204569003679}}