{"AAPL": {"p": 60.27727652278596, "d1_open": 60.64587781624768, "h1_open": 60.01860933966563, "m5_open": 60.2463716107673, "m1_open": 60.2463716107673, "band": {"m1": 0.0005129754903469495, "m5": 0.005831097142511379, "h1": 0.009559115514408925, "d1": 0.020969922605498417}, "garch_variance": 1.1700607769129605e-06, "prev_return": 0.0010259510706849683, "boundary_trend": -1, "trend_ou": 0.1374163192052982}, "GOOG": {"p": 116.82455568081271, "d1_open": 115.96066030903073, "h1_open": 116.59098795459168, "m5_open": 116.88485868151558, "m1_open": 116.88485868151558, "band": {"m1": 0.0005159179844430286, "m5": 0.005837018797651381, "h1": 0.009577349483417609, "d1": 0.02104808446559817}, "garch_variance": 1.1736778299199481e-06, "prev_return": -0.0007243718267877438, "boundary_trend": 1, "trend_ou": 0.0950762727124164}, "AMZN": {"p": 46.81315799160549, "d1_open": 46.96789998105076, "h1_open": 46.82840694605855, "m5_open": 46.83722647914959, "m1_open": 46.83722647914959, "band": {"m1": 0.000513875166259345, "m5": 0.0058329077053594315, "h1": 0.00956469060213003, "d1": 0.020993820815827364}, "garch_variance": 1.098438054531454e-06, "prev_return": 0.0, "boundary_trend": 1, "trend_ou": 0.06088034122995275}, "MSFT": {"p": 168.8089371502043, "d1_open": 167.62666310367777, "h1_open": 168.69620816167418, "m5_open": 168.73593216259113, "m1_open": 168.73593216259113, "band": {"m1": 0.0004969847656728038, "m5": 0.005798916429868593, "h1": 0.009460024617838117, "d1": 0.020545158869680002}, "garch_variance": 1.0299047658511024e-06, "prev_return": -6.429666187005918e-05, "boundary_trend": -1, "trend_ou": 0.0891715915013365}, "NVDA": {"p": 89.80998816278588, "d1_open": 90.12941982896956, "h1_open": 89.72055995998423, "m5_open": 89.85508776836274, "m1_open": 89.85508776836274, "band": {"m1": 0.0005019148798019641, "m5": 0.005808838093165264, "h1": 0.009490575417705541, "d1": 0.020676118143770888}, "garch_variance": 1.0135699971765185e-06, "prev_return": -0.001003829843898335, "boundary_trend": 1, "trend_ou": 0.028411339670190345}}