{"AAPL": {"p": 59.688333043121425, "d1_open": 60.64587781624768, "h1_open": 59.45028971705123, "m5_open": 59.655987320050684, "m1_open": 59.6554345634141, "band": {"m1": 0.0005514749820883282, "m5": 0.005908575875081002, "h1": 0.009797688138971819, "d1": 0.02199258969985585}, "garch_variance": 1.0676366315404203e-06, "prev_return": 0.00109325965743139, "boundary_trend": -1, "trend_ou": 0.13975998625103284}, "GOOG": {"p": 116.28086377810278, "d1_open": 115.96066030903073, "h1_open": 116.54179725422264, "m5_open": 116.34645087729514, "m1_open": 116.34521312391047, "band": {"m1": 0.0005530897583139686, "m5": 0.005911825549549087, "h1": 0.00980769454125943, "d1": 0.02203548321444576}, "garch_variance": 1.1118553651172836e-06, "prev_return": -0.001106179629424376, "boundary_trend": 1, "trend_ou": 0.07676213535587936}, "AMZN": {"p": 46.89411419996188, "d1_open": 46.96789998105076, "h1_open": 46.9213797279267, "m5_open": 46.81308181015613, "m1_open": 46.86729149019478, "band": {"m1": 0.0005723119240357723, "m5": 0.005950509411854933, "h1": 0.009926809945609167, "d1": 0.022546084146479527}, "garch_variance": 1.1998462531269276e-06, "prev_return": 0.0010049021175994588, "boundary_trend": -1, "trend_ou": 0.048862116551768045}, "MSFT": {"p": 168.58170731419355, "d1_open": 167.62666310367777, "h1_open": 167.82975859843555, "m5_open": 168.34211702501537, "m1_open": 168.5305341272619, "band": {"m1": 0.0005564504878866331, "m5": 0.00591858888734971, "h1": 0.009828520220725091, "d1": 0.022124754718861602}, "garch_variance": 1.1664515054345818e-06, "prev_return": 0.0008132193424307389, "boundary_trend": 0, "trend_ou": 0.10160628427545641}, "NVDA": {"p": 89.19960372003932, "d1_open": 90.12941982896956, "h1_open": 89.31770008616805, "m5_open": 89.31871586860353, "m1_open": 89.25279993438137, "band": {"m1": 0.0005960173168927028, "m5": 0.005998215594730225, "h1": 0.01007370689240948, "d1": 0.023175773634238214}, "garch_variance": 1.4755065232193436e-06, "prev_return": 0.0, "boundary_trend": 1, "trend_ou": 0.008616015734858847}}