{"AAPL": {"p": 60.316365506648154, "d1_open": 60.64587781624768, "h1_open": 60.34576209807594, "m5_open": 60.34576209807594, "m1_open": 60.34576209807594, "band": {"m1": 0.0004871359712055643, "m5": 0.005779096113335939, "h1": 0.009398993870715177, "d1": 0.02028354403880394}, "garch_variance": 1.031170651254051e-06, "prev_return": -0.0009742720194763871, "boundary_trend": 1, "trend_ou": 0.0981961666251637}, "GOOG": {"p": 116.96812051917762, "d1_open": 115.96066030903073, "h1_open": 116.90937729849402, "m5_open": 116.90937729849402, "m1_open": 116.90937729849402, "band": {"m1": 0.000502467997358469, "m5": 0.005809951220775569, "h1": 0.009494002961841282, "d1": 0.0206908106786269}, "garch_variance": 1.1237786220239423e-06, "prev_return": 0.0, "boundary_trend": -1, "trend_ou": 0.07253096218819119}, "AMZN": {"p": 46.97487183415363, "d1_open": 46.96789998105076, "h1_open": 46.998622621007485, "m5_open": 46.998622621007485, "m1_open": 46.998622621007485, "band": {"m1": 0.0005053507002828377, "m5": 0.005815752548503612, "h1": 0.009511866418510312, "d1": 0.02076738429791942}, "garch_variance": 1.1730165589949462e-06, "prev_return": 0.0, "boundary_trend": 1, "trend_ou": 0.05812389006811655}, "MSFT": {"p": 168.09643880351064, "d1_open": 167.62666310367777, "h1_open": 168.18314018534795, "m5_open": 168.18314018534795, "m1_open": 168.18314018534795, "band": {"m1": 0.0005155176775850518, "m5": 0.005836213195639715, "h1": 0.009574868872546702, "d1": 0.021037451061550957}, "garch_variance": 1.2267079487337403e-06, "prev_return": 0.0, "boundary_trend": 1, "trend_ou": 0.10011509757081866}, "NVDA": {"p": 89.77196277332813, "d1_open": 90.12941982896956, "h1_open": 89.81824119997734, "m5_open": 89.81824119997734, "m1_open": 89.81824119997734, "band": {"m1": 0.0005152453001853926, "m5": 0.005835665046696659, "h1": 0.00957318101153428, "d1": 0.021030215864635906}, "garch_variance": 1.1379228025153129e-06, "prev_return": -0.00046111736357137216, "boundary_trend": 1, "trend_ou": 0.03633009731190954}}