{"AAPL": {"p": 59.822241051084966, "d1_open": 60.64587781624768, "h1_open": 59.45028971705123, "m5_open": 59.7249109543549, "m1_open": 59.789963806597505, "band": {"m1": 0.000539843853926044, "m5": 0.00588516868117771, "h1": 0.009725612673899611, "d1": 0.021683630503154618}, "garch_variance": 1.0994405571906617e-06, "prev_return": 0.0, "boundary_trend": -1, "trend_ou": 0.13706151014032464}, "GOOG": {"p": 116.38891482815302, "d1_open": 115.96066030903073, "h1_open": 116.54179725422264, "m5_open": 116.32718278656239, "m1_open": 116.32712603496073, "band": {"m1": 0.0005311640998825293, "m5": 0.005867701013115361, "h1": 0.009671826205324077, "d1": 0.02145306904777109}, "garch_variance": 1.1462791297136629e-06, "prev_return": 0.0, "boundary_trend": -1, "trend_ou": 0.07974298328373314}, "AMZN": {"p": 46.887013873840985, "d1_open": 46.96789998105076, "h1_open": 46.9213797279267, "m5_open": 46.861483199341926, "m1_open": 46.91196709495991, "band": {"m1": 0.0005319158983125822, "m5": 0.005869213978270838, "h1": 0.009676484929802956, "d1": 0.02147303916896566}, "garch_variance": 1.0367165559430752e-06, "prev_return": 0.0, "boundary_trend": 1, "trend_ou": 0.05394352269008156}, "MSFT": {"p": 168.4336715124035, "d1_open": 167.62666310367777, "h1_open": 167.82975859843555, "m5_open": 168.5269736363333, "m1_open": 168.52722027058456, "band": {"m1": 0.0005550958357402484, "m5": 0.005915862702493046, "h1": 0.009820125748400526, "d1": 0.022088770914615186}, "garch_variance": 1.23784274875994e-06, "prev_return": 0.0, "boundary_trend": 1, "trend_ou": 0.10568189616885944}, "NVDA": {"p": 89.3579670042161, "d1_open": 90.12941982896956, "h1_open": 89.31770008616805, "m5_open": 89.30749152567925, "m1_open": 89.30766885300604, "band": {"m1": 0.0005632008074565749, "m5": 0.0059321736434351235, "h1": 0.00987035042116663, "d1": 0.022304064350971806}, "garch_variance": 1.3375391381296759e-06, "prev_return": 0.00029168320071572734, "boundary_trend": -1, "trend_ou": 0.019173745494185577}}