{"AAPL": {"p": 60.25540657944253, "d1_open": 60.64587781624768, "h1_open": 60.34576209807594, "m5_open": 60.34576209807594, "m1_open": 60.28518331284178, "band": {"m1": 0.0004939312076855223, "m5": 0.005792771262959073, "h1": 0.009441102411067846, "d1": 0.020464046804739452}, "garch_variance": 1.1850863724148384e-06, "prev_return": -0.0009878624957065623, "boundary_trend": 1, "trend_ou": 0.10423526269383632}, "GOOG": {"p": 116.85159174149844, "d1_open": 115.96066030903073, "h1_open": 116.90937729849402, "m5_open": 116.90937729849402, "m1_open": 116.9091970033993, "band": {"m1": 0.0004927350745483976, "m5": 0.005790364091454799, "h1": 0.009433690245115957, "d1": 0.02043227376191527}, "garch_variance": 1.066662765021746e-06, "prev_return": -0.0009854702288502794, "boundary_trend": 1, "trend_ou": 0.07477072115879906}, "AMZN": {"p": 46.92746197939747, "d1_open": 46.96789998105076, "h1_open": 46.998622621007485, "m5_open": 46.998622621007485, "m1_open": 46.90422243137957, "band": {"m1": 0.0004954681436600843, "m5": 0.005795864286943641, "h1": 0.00945062645496171, "d1": 0.02050487263843817}, "garch_variance": 1.0370397876324355e-06, "prev_return": 0.0009909363684082522, "boundary_trend": -1, "trend_ou": 0.06238075704663496}, "MSFT": {"p": 167.92348178993907, "d1_open": 167.62666310367777, "h1_open": 168.18314018534795, "m5_open": 168.18314018534795, "m1_open": 167.8389493152094, "band": {"m1": 0.0005036523111864048, "m5": 0.00581233460637893, "h1": 0.009501341886212928, "d1": 0.020722269763576866}, "garch_variance": 1.069238264930742e-06, "prev_return": 0.0, "boundary_trend": -1, "trend_ou": 0.0979320709062186}, "NVDA": {"p": 89.77038477332918, "d1_open": 90.12941982896956, "h1_open": 89.81824119997734, "m5_open": 89.81824119997734, "m1_open": 89.72560632615455, "band": {"m1": 0.0004990598448770069, "m5": 0.005803092446211957, "h1": 0.009472883413358021, "d1": 0.02060027947320847}, "garch_variance": 1.0333823281283183e-06, "prev_return": 0.000745326784152828, "boundary_trend": -1, "trend_ou": 0.03641168574413136}}