{"AAPL": {"p": 60.3775236958136, "d1_open": 60.64587781624768, "h1_open": 60.01860933966563, "m5_open": 60.39356694942597, "m1_open": 60.36272826974885, "band": {"m1": 0.0005125720475753615, "m5": 0.005830285229595307, "h1": 0.00955661547099211, "d1": 0.020959205901762926}, "garch_variance": 1.2302058025812058e-06, "prev_return": -0.0002673621243953565, "boundary_trend": -1, "trend_ou": 0.1336406625856181}, "GOOG": {"p": 116.70506195133493, "d1_open": 115.96066030903073, "h1_open": 116.59098795459168, "m5_open": 116.82498612203729, "m1_open": 116.7648054314425, "band": {"m1": 0.0005116565722592957, "m5": 0.005828442871060706, "h1": 0.009550942477947333, "d1": 0.020934888009783312}, "garch_variance": 1.1014500895971846e-06, "prev_return": 0.0, "boundary_trend": 1, "trend_ou": 0.08423276700354992}, "AMZN": {"p": 46.85808663665083, "d1_open": 46.96789998105076, "h1_open": 46.82840694605855, "m5_open": 46.85821270257611, "m1_open": 46.88184495289678, "band": {"m1": 0.0005067700784774445, "m5": 0.005818608992019642, "h1": 0.009520661983485803, "d1": 0.020805087428750955}, "garch_variance": 1.2078503683503937e-06, "prev_return": -0.0010135402437193796, "boundary_trend": 1, "trend_ou": 0.07953108660095848}, "MSFT": {"p": 168.8388734612009, "d1_open": 167.62666310367777, "h1_open": 168.69620816167418, "m5_open": 168.6703282560144, "m1_open": 168.75428309554005, "band": {"m1": 0.0005012635182299974, "m5": 0.0058075272532877005, "h1": 0.009486539077672601, "d1": 0.020658815940130016}, "garch_variance": 1.20106086786254e-06, "prev_return": 0.00100252712042669, "boundary_trend": -1, "trend_ou": 0.10096070263485661}, "NVDA": {"p": 89.90038973614199, "d1_open": 90.12941982896956, "h1_open": 89.72055995998423, "m5_open": 89.81012927451938, "m1_open": 89.85527197857249, "band": {"m1": 0.0005021158645010631, "m5": 0.005809242567069925, "h1": 0.009491820874333467, "d1": 0.02068145692693246}, "garch_variance": 1.1139700800301558e-06, "prev_return": 0.001004231813398013, "boundary_trend": -1, "trend_ou": 0.021024534496465942}}