{"AAPL": {"p": 59.57764049274519, "d1_open": 60.64587781624768, "h1_open": 59.45028971705123, "m5_open": 59.55598186060402, "m1_open": 59.55598186060402, "band": {"m1": 0.0005788600581622009, "m5": 0.005963687277584165, "h1": 0.009967387248681792, "d1": 0.022720023099895372}, "garch_variance": 1.2735795722802053e-06, "prev_return": -0.00021509023575736803, "boundary_trend": -1, "trend_ou": 0.1401792839814562}, "GOOG": {"p": 116.48256413861822, "d1_open": 115.96066030903073, "h1_open": 116.54179725422264, "m5_open": 116.55181862898172, "m1_open": 116.55181862898172, "band": {"m1": 0.0005941948497944191, "m5": 0.0059945479504435574, "h1": 0.010062413476856418, "d1": 0.02312736319951134}, "garch_variance": 1.2644571766473248e-06, "prev_return": -0.0005526402288503468, "boundary_trend": 1, "trend_ou": 0.06349697263883958}, "AMZN": {"p": 46.75867733912129, "d1_open": 46.96789998105076, "h1_open": 46.9213797279267, "m5_open": 46.731353078561675, "m1_open": 46.731353078561675, "band": {"m1": 0.0005847093815939857, "m5": 0.005975458813918434, "h1": 0.010003634180262403, "d1": 0.022875399452345003}, "garch_variance": 1.2786867899270873e-06, "prev_return": 0.0011694188964570269, "boundary_trend": -1, "trend_ou": 0.05531056731997283}, "MSFT": {"p": 168.23843250034383, "d1_open": 167.62666310367777, "h1_open": 167.82975859843555, "m5_open": 168.14312932013704, "m1_open": 168.14312932013704, "band": {"m1": 0.0005667979452515723, "m5": 0.005939412743605766, "h1": 0.00989264106880509, "d1": 0.022399615598285013}, "garch_variance": 1.230405745217458e-06, "prev_return": 0.0011335960118960373, "boundary_trend": -1, "trend_ou": 0.08911124753811377}, "NVDA": {"p": 89.1298178137586, "d1_open": 90.12941982896956, "h1_open": 89.31770008616805, "m5_open": 89.18146253398177, "m1_open": 89.18146253398177, "band": {"m1": 0.0005790970315550837, "m5": 0.005964164177337976, "h1": 0.009968855719088399, "d1": 0.02272631785549286}, "garch_variance": 1.2834943500924472e-06, "prev_return": -0.0011581941925782383, "boundary_trend": 1, "trend_ou": 0.004957300626793617}}