{"AAPL": {"p": 60.0184645183307, "d1_open": 60.64587781624768, "h1_open": 59.45028971705123, "m5_open": 59.98182120320262, "m1_open": 59.98965114200228, "band": {"m1": 0.0005126568543532946, "m5": 0.005830455899943677, "h1": 0.00955714099937384, "d1": 0.02096145863542895}, "garch_variance": 1.020385813472075e-06, "prev_return": 0.0009929787803188359, "boundary_trend": -1, "trend_ou": 0.14398035816558327}, "GOOG": {"p": 116.22678505345834, "d1_open": 115.96066030903073, "h1_open": 116.54179725422264, "m5_open": 116.2067769083382, "m1_open": 116.28717559406827, "band": {"m1": 0.0005193224472209837, "m5": 0.005843870146829919, "h1": 0.009598446167644492, "d1": 0.02113851766093403}, "garch_variance": 1.0550695485322792e-06, "prev_return": -0.0009142237449598763, "boundary_trend": 1, "trend_ou": 0.07164892659379044}, "AMZN": {"p": 46.907764103432044, "d1_open": 46.96789998105076, "h1_open": 46.9213797279267, "m5_open": 46.97007575922713, "m1_open": 46.931662779762746, "band": {"m1": 0.0005092228767356846, "m5": 0.005823545153296108, "h1": 0.009535861418375036, "d1": 0.020870241433501184}, "garch_variance": 1.0601865963523552e-06, "prev_return": -0.0010184458415016953, "boundary_trend": 1, "trend_ou": 0.06627575471811212}, "MSFT": {"p": 168.342301839839, "d1_open": 167.62666310367777, "h1_open": 167.82975859843555, "m5_open": 168.34487337474908, "m1_open": 168.25546398498656, "band": {"m1": 0.000516107190790316, "m5": 0.00583739956808026, "h1": 0.009578521952268874, "d1": 0.021053110378841756}, "garch_variance": 1.0052082548577757e-06, "prev_return": 0.0, "boundary_trend": -1, "trend_ou": 0.09742637440251617}, "NVDA": {"p": 89.48369581847702, "d1_open": 90.12941982896956, "h1_open": 89.31770008616805, "m5_open": 89.40763452779281, "m1_open": 89.43484329155619, "band": {"m1": 0.0005462359537162209, "m5": 0.005898032533862527, "h1": 0.009765223067555052, "d1": 0.021853424695846183}, "garch_variance": 1.1510015302213273e-06, "prev_return": 0.0, "boundary_trend": -1, "trend_ou": 0.01708215811443434}}