{"AAPL": {"p": 60.01310084488772, "d1_open": 60.64587781624768, "h1_open": 59.45028971705123, "m5_open": 59.98182120320262, "m1_open": 59.98182120320262, "band": {"m1": 0.0005214853610251422, "m5": 0.005848222926895933, "h1": 0.009611849254272956, "d1": 0.021195971426565614}, "garch_variance": 1.0553919908324064e-06, "prev_return": 0.0, "boundary_trend": -1, "trend_ou": 0.1421437684966585}, "GOOG": {"p": 116.21796713482013, "d1_open": 115.96066030903073, "h1_open": 116.54179725422264, "m5_open": 116.2067769083382, "m1_open": 116.2067769083382, "band": {"m1": 0.0005243307503974494, "m5": 0.005853949162548974, "h1": 0.00962948148731683, "d1": 0.021271553881036447}, "garch_variance": 1.102471658211242e-06, "prev_return": -0.00042790215656162453, "boundary_trend": -1, "trend_ou": 0.06885413865328853}, "AMZN": {"p": 46.979362400747114, "d1_open": 46.96789998105076, "h1_open": 46.9213797279267, "m5_open": 46.97007575922713, "m1_open": 46.97007575922713, "band": {"m1": 0.0005090693067633414, "m5": 0.005823236099688392, "h1": 0.009534909780062457, "d1": 0.02086616213400155}, "garch_variance": 9.942274578028199e-07, "prev_return": 0.0004338074277996846, "boundary_trend": 0, "trend_ou": 0.07225669701572465}, "MSFT": {"p": 168.2561389749956, "d1_open": 167.62666310367777, "h1_open": 167.82975859843555, "m5_open": 168.34487337474908, "m1_open": 168.34487337474908, "band": {"m1": 0.0005270989129318531, "m5": 0.0058595199821887, "h1": 0.009646635163149375, "d1": 0.02134508494879143}, "garch_variance": 1.0855446076401898e-06, "prev_return": 0.0, "boundary_trend": 1, "trend_ou": 0.09997278273108082}, "NVDA": {"p": 89.37191450753427, "d1_open": 90.12941982896956, "h1_open": 89.31770008616805, "m5_open": 89.40763452779281, "m1_open": 89.40763452779281, "band": {"m1": 0.0005571961955165792, "m5": 0.00592008959500642, "h1": 0.009833141201896161, "d1": 0.02214456304932684}, "garch_variance": 1.2792508382248993e-06, "prev_return": -4.8714018221890205e-05, "boundary_trend": 0, "trend_ou": 0.018130257273654353}}