{"AAPL": {"p": 60.01851095390748, "d1_open": 60.64587781624768, "h1_open": 59.45028971705123, "m5_open": 59.957106467575876, "m1_open": 60.01765470739199, "band": {"m1": 0.0005127829009884754, "m5": 0.005830709563903817, "h1": 0.00955792208180408, "d1": 0.020964806828880952}, "garch_variance": 1.1510027525037257e-06, "prev_return": 0.0005271808947229241, "boundary_trend": -1, "trend_ou": 0.14835930667386008}, "GOOG": {"p": 116.48977284487897, "d1_open": 115.96066030903073, "h1_open": 116.54179725422264, "m5_open": 116.54899474291155, "m1_open": 116.54936459908183, "band": {"m1": 0.000511300549838646, "m5": 0.005827726389760027, "h1": 0.009548736287697646, "d1": 0.020925430939105656}, "garch_variance": 1.0132158432481153e-06, "prev_return": 0.0, "boundary_trend": 1, "trend_ou": 0.08232863179404612}, "AMZN": {"p": 46.77797922451278, "d1_open": 46.96789998105076, "h1_open": 46.9213797279267, "m5_open": 46.802704404040156, "m1_open": 46.802916924491335, "band": {"m1": 0.0005328236276126372, "m5": 0.00587104074824892, "h1": 0.00968210992254212, "d1": 0.021497151302496832}, "garch_variance": 1.249781375444269e-06, "prev_return": -0.0010656473560713222, "boundary_trend": 1, "trend_ou": 0.05610354519320959}, "MSFT": {"p": 168.52928664904633, "d1_open": 167.62666310367777, "h1_open": 167.82975859843555, "m5_open": 168.58619849429923, "m1_open": 168.6133236764956, "band": {"m1": 0.0004984008713956318, "m5": 0.005801766287662206, "h1": 0.009468799904047687, "d1": 0.020582775073410584}, "garch_variance": 9.90032529017814e-07, "prev_return": 0.0, "boundary_trend": 1, "trend_ou": 0.0890978830560031}, "NVDA": {"p": 89.62693492339024, "d1_open": 90.12941982896956, "h1_open": 89.31770008616805, "m5_open": 89.67368377314698, "m1_open": 89.67347392268597, "band": {"m1": 0.000518982897170453, "m5": 0.0058431868155346435, "h1": 0.00959634205293904, "d1": 0.02112949814800389}, "garch_variance": 1.1233410015108116e-06, "prev_return": -0.0010379658875307306, "boundary_trend": 1, "trend_ou": 0.0034318538646187064}}