{"AAPL": {"p": 60.34623991845419, "d1_open": 60.64587781624768, "h1_open": 60.34576209807594, "m5_open": 60.25540657944253, "m1_open": 60.376677778095, "band": {"m1": 0.0005041327340448414, "m5": 0.005813301438731398, "h1": 0.009504318957780708, "d1": 0.020735031299547277}, "garch_variance": 1.1360250292936319e-06, "prev_return": 0.0, "boundary_trend": 1, "trend_ou": 0.11249124350480226}, "GOOG": {"p": 116.90956551134133, "d1_open": 115.96066030903073, "h1_open": 116.90937729849402, "m5_open": 116.85159174149844, "m1_open": 116.9678150995065, "band": {"m1": 0.0004979967191454387, "m5": 0.005800952946947984, "h1": 0.009466295464152761, "d1": 0.02057203952370101}, "garch_variance": 1.12394291820597e-06, "prev_return": 0.0, "boundary_trend": 1, "trend_ou": 0.07726200390517413}, "AMZN": {"p": 46.950708370044566, "d1_open": 46.96789998105076, "h1_open": 46.998622621007485, "m5_open": 46.92746197939747, "m1_open": 46.927445950458136, "band": {"m1": 0.0004957103271930425, "m5": 0.005796351671902094, "h1": 0.009452127211425507, "d1": 0.020511305791676017}, "garch_variance": 1.1175082882121223e-06, "prev_return": 0.0, "boundary_trend": -1, "trend_ou": 0.06348728505262514}, "MSFT": {"p": 167.71710903033275, "d1_open": 167.62666310367777, "h1_open": 168.18314018534795, "m5_open": 167.92348178993907, "m1_open": 167.8003358968197, "band": {"m1": 0.0004959874844239565, "m5": 0.0057969094400699955, "h1": 0.009453844691968884, "d1": 0.020518667955881274}, "garch_variance": 1.1019205058026513e-06, "prev_return": -0.0009919750501908619, "boundary_trend": 1, "trend_ou": 0.0889756213341961}, "NVDA": {"p": 89.71985555230542, "d1_open": 90.12941982896956, "h1_open": 89.81824119997734, "m5_open": 89.77038477332918, "m1_open": 89.68144656538827, "band": {"m1": 0.0004985458615816209, "m5": 0.005802058074782953, "h1": 0.009469698375368808, "d1": 0.020586626466909796}, "garch_variance": 1.1114295312940726e-06, "prev_return": -7.023089614401794e-05, "boundary_trend": -1, "trend_ou": 0.035132646327175686}}