{"AAPL": {"p": 60.376677778095, "d1_open": 60.64587781624768, "h1_open": 60.34576209807594, "m5_open": 60.25540657944253, "m1_open": 60.34619448355359, "band": {"m1": 0.0005051402959589217, "m5": 0.005815329117969679, "h1": 0.009510562590602317, "d1": 0.02076179530001719}, "garch_variance": 1.1773011696518542e-06, "prev_return": 0.0, "boundary_trend": -1, "trend_ou": 0.11003399105557764}, "GOOG": {"p": 116.9678150995065, "d1_open": 115.96066030903073, "h1_open": 116.90937729849402, "m5_open": 116.85159174149844, "m1_open": 116.90959370017872, "band": {"m1": 0.0004980036067620815, "m5": 0.005800966808009099, "h1": 0.009466338145152044, "d1": 0.020572222480373433}, "garch_variance": 1.1635714979613295e-06, "prev_return": 0.0, "boundary_trend": -1, "trend_ou": 0.07077593500253439}, "AMZN": {"p": 46.927445950458136, "d1_open": 46.96789998105076, "h1_open": 46.998622621007485, "m5_open": 46.92746197939747, "m1_open": 46.950706777842726, "band": {"m1": 0.0004954308248148152, "m5": 0.005795789184216264, "h1": 0.009450395198535747, "d1": 0.020503881333012307}, "garch_variance": 1.1562594184228664e-06, "prev_return": 0.0, "boundary_trend": 1, "trend_ou": 0.06645117961410978}, "MSFT": {"p": 167.8003358968197, "d1_open": 167.62666310367777, "h1_open": 168.18314018534795, "m5_open": 167.92348178993907, "m1_open": 167.71706913418544, "band": {"m1": 0.0004964716058067349, "m5": 0.005797883715559124, "h1": 0.009456844682453754, "d1": 0.02053152773624326}, "garch_variance": 1.0713230940824848e-06, "prev_return": 0.0009929432931950733, "boundary_trend": -1, "trend_ou": 0.09075042765208058}, "NVDA": {"p": 89.68144656538827, "d1_open": 90.12941982896956, "h1_open": 89.81824119997734, "m5_open": 89.77038477332918, "m1_open": 89.6366958544138, "band": {"m1": 0.0004992454323300765, "m5": 0.005803465933756708, "h1": 0.009474033456742028, "d1": 0.020605209257286004}, "garch_variance": 1.1493517401069009e-06, "prev_return": 0.0, "boundary_trend": -1, "trend_ou": 0.03626783599374104}}