{"AAPL": {"p": 60.251563483391436, "d1_open": 60.64587781624768, "h1_open": 60.01860933966563, "m5_open": 60.25160163332547, "m1_open": 60.22111317980335, "band": {"m1": 0.0005056416592161282, "m5": 0.00581633809206176, "h1": 0.009513669425075214, "d1": 0.020775113078571494}, "garch_variance": 1.1070167161787166e-06, "prev_return": 0.0010112834046185602, "boundary_trend": -1, "trend_ou": 0.13949000191122726}, "GOOG": {"p": 116.72650512452499, "d1_open": 115.96066030903073, "h1_open": 116.59098795459168, "m5_open": 116.84828908718391, "m1_open": 116.78755256685226, "band": {"m1": 0.0005227221650382129, "m5": 0.005850711946959196, "h1": 0.009619513448425187, "d1": 0.02122882481525015}, "garch_variance": 1.2793566284227188e-06, "prev_return": -0.0010454444252949895, "boundary_trend": 1, "trend_ou": 0.08507120634953337}, "AMZN": {"p": 46.87933509999035, "d1_open": 46.96789998105076, "h1_open": 46.82840694605855, "m5_open": 46.828635208238104, "m1_open": 46.8540258261816, "band": {"m1": 0.0005401728744216489, "m5": 0.005885830822152457, "h1": 0.009727651539339672, "d1": 0.021692370318123724}, "garch_variance": 1.2652637868486454e-06, "prev_return": 0.0, "boundary_trend": -1, "trend_ou": 0.06076876196228512}, "MSFT": {"p": 168.734984627832, "d1_open": 167.62666310367777, "h1_open": 168.69620816167418, "m5_open": 168.73470488840513, "m1_open": 168.82265949654953, "band": {"m1": 0.0005193311666751036, "m5": 0.0058438876943928434, "h1": 0.009598500200125443, "d1": 0.02113874927694779}, "garch_variance": 1.1483999726867813e-06, "prev_return": 0.0, "boundary_trend": 1, "trend_ou": 0.08972254513799127}, "NVDA": {"p": 89.67658199057038, "d1_open": 90.12941982896956, "h1_open": 89.72055995998423, "m5_open": 89.77009347640698, "m1_open": 89.72333639739671, "band": {"m1": 0.0005210952769214595, "m5": 0.005847437897780433, "h1": 0.00960943199149346, "d1": 0.021185609570893646}, "garch_variance": 1.2074219097346584e-06, "prev_return": -0.0010421906481753325, "boundary_trend": 1, "trend_ou": 0.02623524236559953}}