{"AAPL": {"p": 60.28518331284178, "d1_open": 60.64587781624768, "h1_open": 60.34576209807594, "m5_open": 60.34576209807594, "m1_open": 60.31475777782906, "band": {"m1": 0.0004903354680825252, "m5": 0.005785534976595553, "h1": 0.009418820427708316, "d1": 0.02036853269778539}, "garch_variance": 1.1019096542184562e-06, "prev_return": -0.0009806710147589291, "boundary_trend": 1, "trend_ou": 0.1010426116210898}, "GOOG": {"p": 116.9091970033993, "d1_open": 115.96066030903073, "h1_open": 116.90937729849402, "m5_open": 116.90937729849402, "m1_open": 116.8514636427127, "band": {"m1": 0.000494074775675114, "m5": 0.005793060187964783, "h1": 0.009441992069360226, "d1": 0.02046786042024754}, "garch_variance": 1.0319049810651838e-06, "prev_return": 0.0009881496317561097, "boundary_trend": -1, "trend_ou": 0.07686456719796733}, "AMZN": {"p": 46.90422243137957, "d1_open": 46.96789998105076, "h1_open": 46.998622621007485, "m5_open": 46.998622621007485, "m1_open": 46.92763206194993, "band": {"m1": 0.000498845339979178, "m5": 0.005802660763432211, "h1": 0.009471554175122868, "d1": 0.020594581551218703}, "garch_variance": 1.0648179404914039e-06, "prev_return": 0.0, "boundary_trend": 1, "trend_ou": 0.06037130114856338}, "MSFT": {"p": 167.8389493152094, "d1_open": 167.62666310367777, "h1_open": 168.18314018534795, "m5_open": 168.18314018534795, "m1_open": 167.92418838469848, "band": {"m1": 0.0005076044750254863, "m5": 0.005820288182681092, "h1": 0.00952583254978132, "d1": 0.020827251614685148}, "garch_variance": 1.1014071192394793e-06, "prev_return": 0.0, "boundary_trend": 1, "trend_ou": 0.09820955133259411}, "NVDA": {"p": 89.72560632615455, "d1_open": 90.12941982896956, "h1_open": 89.81824119997734, "m5_open": 89.81824119997734, "m1_open": 89.68045190444452, "band": {"m1": 0.0005035035032845544, "m5": 0.005812035136253215, "h1": 0.009500419757371887, "d1": 0.020718316959585967}, "garch_variance": 1.0606617365094526e-06, "prev_return": 0.0, "boundary_trend": -1, "trend_ou": 0.03250457850636121}}