{"AAPL": {"p": 60.345731781469844, "d1_open": 60.64587781624768, "h1_open": 60.01860933966563, "m5_open": 60.37551548068283, "m1_open": 60.37543520354302, "band": {"m1": 0.0004919785997904543, "m5": 0.005788841715370977, "h1": 0.009429002542493011, "d1": 0.02041217942280406}, "garch_variance": 1.0493943828401773e-06, "prev_return": 0.0, "boundary_trend": 1, "trend_ou": 0.09061771886951098}, "GOOG": {"p": 116.90974131319089, "d1_open": 115.96066030903073, "h1_open": 116.59098795459168, "m5_open": 116.7909993158853, "m1_open": 116.91015368388726, "band": {"m1": 0.0005085485957486399, "m5": 0.005822188188985437, "h1": 0.009531683051921454, "d1": 0.020852330418404327}, "garch_variance": 1.1527843610283363e-06, "prev_return": 0.0005051506997241302, "boundary_trend": 1, "trend_ou": 0.07528439732562912}, "AMZN": {"p": 46.95128062468862, "d1_open": 46.96789998105076, "h1_open": 46.82840694605855, "m5_open": 46.96403786112757, "m1_open": 46.97480625766206, "band": {"m1": 0.0005008138371960443, "m5": 0.0058066222876636, "h1": 0.009483752506223632, "d1": 0.0206468710033119}, "garch_variance": 1.1165948192321819e-06, "prev_return": -0.0010016277581329528, "boundary_trend": 1, "trend_ou": 0.05474689557001472}, "MSFT": {"p": 168.1727692266873, "d1_open": 167.62666310367777, "h1_open": 168.69620816167418, "m5_open": 168.2559507026151, "m1_open": 168.08675407410877, "band": {"m1": 0.0005117307015199265, "m5": 0.005828592053320009, "h1": 0.009551401840174356, "d1": 0.020936857115144116}, "garch_variance": 1.3565421748999072e-06, "prev_return": 0.0, "boundary_trend": -1, "trend_ou": 0.09261951643010903}, "NVDA": {"p": 89.81853015056474, "d1_open": 90.12941982896956, "h1_open": 89.72055995998423, "m5_open": 89.86629344433112, "m1_open": 89.77152059283071, "band": {"m1": 0.0005236578084406166, "m5": 0.005852594892984622, "h1": 0.009625311418529984, "d1": 0.021253678434776314}, "garch_variance": 1.2055048856812211e-06, "prev_return": 0.0010473157126122308, "boundary_trend": -1, "trend_ou": 0.03720593955374568}}