{"AAPL": {"p": 59.59017972421816, "d1_open": 60.64587781624768, "h1_open": 59.45028971705123, "m5_open": 59.688333043121425, "m1_open": 59.62294505746193, "band": {"m1": 0.0005495423483726333, "m5": 0.00590468652475349, "h1": 0.00978571204585949, "d1": 0.021941252894690635}, "garch_variance": 1.2332910050953022e-06, "prev_return": 0.0, "boundary_trend": 1, "trend_ou": 0.13669761680943537}, "GOOG": {"p": 116.40561282777925, "d1_open": 115.96066030903073, "h1_open": 116.54179725422264, "m5_open": 116.28086377810278, "m1_open": 116.3408501489432, "band": {"m1": 0.0005566632765115025, "m5": 0.005919017116196753, "h1": 0.0098298388236057, "d1": 0.0221304070512656}, "garch_variance": 1.248045112009476e-06, "prev_return": 0.0, "boundary_trend": -1, "trend_ou": 0.06924846538288086}, "AMZN": {"p": 46.92083995515479, "d1_open": 46.96789998105076, "h1_open": 46.9213797279267, "m5_open": 46.89411419996188, "m1_open": 46.8942941936276, "band": {"m1": 0.0005660765767702191, "m5": 0.005937961017540749, "h1": 0.009888170911821474, "d1": 0.02238045379184502}, "garch_variance": 1.2834424091980211e-06, "prev_return": 0.0011321532744705827, "boundary_trend": -1, "trend_ou": 0.05770249543712468}, "MSFT": {"p": 168.43177459982365, "d1_open": 167.62666310367777, "h1_open": 167.82975859843555, "m5_open": 168.58170731419355, "m1_open": 168.5243673857853, "band": {"m1": 0.0005494326274472001, "m5": 0.00590446571565045, "h1": 0.009785032130152398, "d1": 0.021938338363227294}, "garch_variance": 1.126367815644411e-06, "prev_return": 0.0, "boundary_trend": 1, "trend_ou": 0.09609097328260754}, "NVDA": {"p": 89.1495618892416, "d1_open": 90.12941982896956, "h1_open": 89.31770008616805, "m5_open": 89.19960372003932, "m1_open": 89.20275223664991, "band": {"m1": 0.000596285944935879, "m5": 0.005998756198238909, "h1": 0.010075371519509553, "d1": 0.023182909236500786}, "garch_variance": 1.4122729043017648e-06, "prev_return": 0.0, "boundary_trend": 1, "trend_ou": 0.0005488963547841837}}