{"AAPL": {"p": 59.55598186060402, "d1_open": 60.64587781624768, "h1_open": 59.45028971705123, "m5_open": 59.52044980142638, "m1_open": 59.5904834254494, "band": {"m1": 0.0005789777639334235, "m5": 0.005963924155879384, "h1": 0.009968116644668509, "d1": 0.022723149733874178}, "garch_variance": 1.1507684270226912e-06, "prev_return": -0.0011579556572549068, "boundary_trend": 1, "trend_ou": 0.14233033099728193}, "GOOG": {"p": 116.55181862898172, "d1_open": 115.96066030903073, "h1_open": 116.54179725422264, "m5_open": 116.48190373524871, "m1_open": 116.48209531812074, "band": {"m1": 0.0005985753490316341, "m5": 0.006003363535106376, "h1": 0.01008955843780651, "d1": 0.023243722980488466}, "garch_variance": 1.3090305711382175e-06, "prev_return": 0.00045662300361263257, "boundary_trend": -1, "trend_ou": 0.06733508563213614}, "AMZN": {"p": 46.731353078561675, "d1_open": 46.96789998105076, "h1_open": 46.9213797279267, "m5_open": 46.86751658249301, "m1_open": 46.75875604089343, "band": {"m1": 0.0005860498578659646, "m5": 0.005978156470378167, "h1": 0.01001194080790618, "d1": 0.02291100670096347}, "garch_variance": 1.3394168067353263e-06, "prev_return": 0.0, "boundary_trend": 1, "trend_ou": 0.055205468276416765}, "MSFT": {"p": 168.14312932013704, "d1_open": 167.62666310367777, "h1_open": 167.82975859843555, "m5_open": 167.96154575552146, "m1_open": 168.23834292709, "band": {"m1": 0.0005659447501467358, "m5": 0.00593769572157853, "h1": 0.009887354012113735, "d1": 0.02237695206379878}, "garch_variance": 1.1098464221413414e-06, "prev_return": -0.0011318896211390548, "boundary_trend": 1, "trend_ou": 0.09131345987451349}, "NVDA": {"p": 89.18146253398177, "d1_open": 90.12941982896956, "h1_open": 89.31770008616805, "m5_open": 89.31661925600017, "m1_open": 89.1298733297101, "band": {"m1": 0.0005788093525145908, "m5": 0.005963585234436756, "h1": 0.009967073037275787, "d1": 0.022718676199067242}, "garch_variance": 1.2617685639584596e-06, "prev_return": 0.001104068338834473, "boundary_trend": -1, "trend_ou": 0.006403864118341303}}