{"AAPL": {"p": 59.75756413285698, "d1_open": 60.64587781624768, "h1_open": 59.45028971705123, "m5_open": 59.635565183466795, "m1_open": 59.72477605127273, "band": {"m1": 0.0005489862625202506, "m5": 0.005903567423562962, "h1": 0.009782266107866948, "d1": 0.02192648151259838}, "garch_variance": 1.1815077275041775e-06, "prev_return": 0.0, "boundary_trend": -1, "trend_ou": 0.13830787243253428}, "GOOG": {"p": 116.38947567357337, "d1_open": 115.96066030903073, "h1_open": 116.54179725422264, "m5_open": 116.40528161096526, "m1_open": 116.32668305178018, "band": {"m1": 0.0005397955150603994, "m5": 0.0058850714010871275, "h1": 0.009725313128905025, "d1": 0.021682346471469077}, "garch_variance": 1.0693104449482973e-06, "prev_return": 0.0, "boundary_trend": -1, "trend_ou": 0.07215158076735571}, "AMZN": {"p": 46.86621947085135, "d1_open": 46.96789998105076, "h1_open": 46.9213797279267, "m5_open": 46.86767729494002, "m1_open": 46.8404997574404, "band": {"m1": 0.0005490913535110972, "m5": 0.005903778915102382, "h1": 0.009782917332918764, "d1": 0.02192927305849655}, "garch_variance": 1.1074440897470942e-06, "prev_return": 0.0, "boundary_trend": -1, "trend_ou": 0.05688845334578472}, "MSFT": {"p": 168.4332508639187, "d1_open": 167.62666310367777, "h1_open": 167.82975859843555, "m5_open": 168.24772373966175, "m1_open": 168.5271135181026, "band": {"m1": 0.0005569587719416527, "m5": 0.005919611789278723, "h1": 0.009831669941813464, "d1": 0.022138256335484153}, "garch_variance": 1.2916285736652212e-06, "prev_return": 0.0, "boundary_trend": 1, "trend_ou": 0.09477905057862783}, "NVDA": {"p": 89.25679732501037, "d1_open": 90.12941982896956, "h1_open": 89.31770008616805, "m5_open": 89.25509332379079, "m1_open": 89.30812404113163, "band": {"m1": 0.0005747149732720099, "m5": 0.0059553454551558895, "h1": 0.00994170109708447, "d1": 0.022609916661374255}, "garch_variance": 1.209823354735117e-06, "prev_return": 0.0, "boundary_trend": 1, "trend_ou": 0.014448797102311402}}