{"AAPL": {"p": 60.39356694942597, "d1_open": 60.64587781624768, "h1_open": 60.01860933966563, "m5_open": 60.2463716107673, "m1_open": 60.362663808338326, "band": {"m1": 0.0005119578749168994, "m5": 0.005829049230962489, "h1": 0.00955280958222744, "d1": 0.020942891552153266}, "garch_variance": 1.1842069367769547e-06, "prev_return": 0.0, "boundary_trend": -1, "trend_ou": 0.1263078210163081}, "GOOG": {"p": 116.82498612203729, "d1_open": 115.96066030903073, "h1_open": 116.59098795459168, "m5_open": 116.88485868151558, "m1_open": 116.88550629394142, "band": {"m1": 0.0005177731082580437, "m5": 0.005840752162312729, "h1": 0.00958884526524274, "d1": 0.02109736236501355}, "garch_variance": 1.179558483467439e-06, "prev_return": 0.0, "boundary_trend": 1, "trend_ou": 0.08090167522455555}, "AMZN": {"p": 46.85821270257611, "d1_open": 46.96789998105076, "h1_open": 46.82840694605855, "m5_open": 46.83722647914959, "m1_open": 46.881747707853584, "band": {"m1": 0.0005020078480037631, "m5": 0.005809025188062336, "h1": 0.009491151520581212, "d1": 0.02067858767041919}, "garch_variance": 1.1006657305623707e-06, "prev_return": -0.001004015780348768, "boundary_trend": 1, "trend_ou": 0.07319344429455434}, "MSFT": {"p": 168.6703282560144, "d1_open": 167.62666310367777, "h1_open": 168.69620816167418, "m5_open": 168.73593216259113, "m1_open": 168.7536972364498, "band": {"m1": 0.0004940275786585554, "m5": 0.005792965205801158, "h1": 0.009441699600145629, "d1": 0.02046660671965038}, "garch_variance": 1.098280561051227e-06, "prev_return": -0.0009880552376996354, "boundary_trend": 1, "trend_ou": 0.09755819045834369}, "NVDA": {"p": 89.81012927451938, "d1_open": 90.12941982896956, "h1_open": 89.72055995998423, "m5_open": 89.85508776836274, "m1_open": 89.76483204324354, "band": {"m1": 0.000504621133296563, "m5": 0.005814284323265706, "h1": 0.009507345457249858, "d1": 0.02074800471350816}, "garch_variance": 1.1174242570096556e-06, "prev_return": 0.0, "boundary_trend": -1, "trend_ou": 0.029620599081196276}}