{"AAPL": {"p": 60.285495618108605, "d1_open": 60.64587781624768, "h1_open": 60.34576209807594, "m5_open": 60.25540657944253, "m1_open": 60.25540657944253, "band": {"m1": 0.0004993583210895896, "m5": 0.005803693118002859, "h1": 0.009474733002798937, "d1": 0.02060820793634526}, "garch_variance": 1.2599806849758896e-06, "prev_return": 0.0, "boundary_trend": -1, "trend_ou": 0.10246930857933423}, "GOOG": {"p": 116.79377078621613, "d1_open": 115.96066030903073, "h1_open": 116.90937729849402, "m5_open": 116.85159174149844, "m1_open": 116.85159174149844, "band": {"m1": 0.0004948238566593589, "m5": 0.005794567684366064, "h1": 0.009446633954443331, "d1": 0.02048775835756947}, "garch_variance": 1.155201421853163e-06, "prev_return": 0.0, "boundary_trend": 1, "trend_ou": 0.07629435390671264}, "AMZN": {"p": 46.950645767167806, "d1_open": 46.96789998105076, "h1_open": 46.998622621007485, "m5_open": 46.92746197939747, "m1_open": 46.92746197939747, "band": {"m1": 0.0004940345544473024, "m5": 0.005792979244305209, "h1": 0.00944174282752746, "d1": 0.020466792018450086}, "garch_variance": 1.0715123062905914e-06, "prev_return": 0.0, "boundary_trend": -1, "trend_ou": 0.06422234372292636}, "MSFT": {"p": 167.83960978797822, "d1_open": 167.62666310367777, "h1_open": 168.18314018534795, "m5_open": 167.92348178993907, "m1_open": 167.92348178993907, "band": {"m1": 0.0004994655962753967, "m5": 0.005803909005149847, "h1": 0.009475397762811883, "d1": 0.020611057501303237}, "garch_variance": 1.040929673139053e-06, "prev_return": -0.0009989312756172879, "boundary_trend": 1, "trend_ou": 0.09272142544928826}, "NVDA": {"p": 89.7258715042619, "d1_open": 90.12941982896956, "h1_open": 89.81824119997734, "m5_open": 89.77038477332918, "m1_open": 89.77038477332918, "band": {"m1": 0.0004958569485881357, "m5": 0.005796646741767839, "h1": 0.009453035790979737, "d1": 0.020515200515198548}, "garch_variance": 1.0427071696634558e-06, "prev_return": -0.0008652217069018344, "boundary_trend": 1, "trend_ou": 0.0326564397546078}}