{"AAPL": {"p": 60.495061037010785, "d1_open": 60.64587781624768, "h1_open": 60.01860933966563, "m5_open": 60.46517152250016, "m1_open": 60.46517152250016, "band": {"m1": 0.0004943261345004522, "m5": 0.005793566037842963, "h1": 0.009443549683031358, "d1": 0.02047453729799119}, "garch_variance": 1.1008611232934715e-06, "prev_return": 0.0009886523495294668, "boundary_trend": -1, "trend_ou": 0.10348795638573162}, "GOOG": {"p": 116.67152901129202, "d1_open": 115.96066030903073, "h1_open": 116.59098795459168, "m5_open": 116.73090151570756, "m1_open": 116.73090151570756, "band": {"m1": 0.0005086271385263872, "m5": 0.005822346253276602, "h1": 0.009532169763713743, "d1": 0.0208544167606044}, "garch_variance": 1.2208440683935048e-06, "prev_return": -0.0010172543647744238, "boundary_trend": 1, "trend_ou": 0.0720950417744126}, "AMZN": {"p": 46.87082941354334, "d1_open": 46.96789998105076, "h1_open": 46.82840694605855, "m5_open": 46.89383323090911, "m1_open": 46.89383323090911, "band": {"m1": 0.0004905510123794278, "m5": 0.005785968751125586, "h1": 0.009420156106863952, "d1": 0.02037425822947031}, "garch_variance": 1.1046623889111569e-06, "prev_return": -0.0009811021034562065, "boundary_trend": 1, "trend_ou": 0.05897905333179976}, "MSFT": {"p": 168.25575920124578, "d1_open": 167.62666310367777, "h1_open": 168.69620816167418, "m5_open": 168.1727590183512, "m1_open": 168.1727590183512, "band": {"m1": 0.0004935411857370595, "m5": 0.005791986358928541, "h1": 0.009438685533450161, "d1": 0.020453686600104815}, "garch_variance": 1.093686192040013e-06, "prev_return": 0.0, "boundary_trend": -1, "trend_ou": 0.11039771784443865}, "NVDA": {"p": 89.77095963368244, "d1_open": 90.12941982896956, "h1_open": 89.72055995998423, "m5_open": 89.81711137604975, "m1_open": 89.81711137604975, "band": {"m1": 0.0005138413121980937, "m5": 0.005832839575375386, "h1": 0.009564480816185347, "d1": 0.020992921545917916}, "garch_variance": 1.3026667641881774e-06, "prev_return": -0.0010276827148435733, "boundary_trend": 1, "trend_ou": 0.03450198673661199}}