{"AAPL": {"p": 59.98175423080415, "d1_open": 60.64587781624768, "h1_open": 59.45028971705123, "m5_open": 59.8862394852233, "m1_open": 59.950049272039415, "band": {"m1": 0.000528856258663962, "m5": 0.0058630565722539675, "h1": 0.009657525036355754, "d1": 0.021391765556050085}, "garch_variance": 1.073665258610466e-06, "prev_return": 0.0, "boundary_trend": -1, "trend_ou": 0.1411149356220672}, "GOOG": {"p": 116.32883904570684, "d1_open": 115.96066030903073, "h1_open": 116.54179725422264, "m5_open": 116.38912355102275, "m1_open": 116.38950080645736, "band": {"m1": 0.0005211961588476529, "m5": 0.005847640918740637, "h1": 0.009610057133925591, "d1": 0.021188289310850386}, "garch_variance": 1.0800998010478329e-06, "prev_return": -0.0010423924120823008, "boundary_trend": 1, "trend_ou": 0.07473804017934585}, "AMZN": {"p": 46.921991445763766, "d1_open": 46.96789998105076, "h1_open": 46.9213797279267, "m5_open": 46.93623521737276, "m1_open": 46.89789651840092, "band": {"m1": 0.0005137741594314597, "m5": 0.005832704433039422, "h1": 0.009564064685710427, "d1": 0.02099113775809045}, "garch_variance": 1.0694312573411966e-06, "prev_return": 0.0, "boundary_trend": -1, "trend_ou": 0.06841940370612536}, "MSFT": {"p": 168.34472819023046, "d1_open": 167.62666310367777, "h1_open": 167.82975859843555, "m5_open": 168.4329823778873, "m1_open": 168.43379435130518, "band": {"m1": 0.0005336680529291123, "m5": 0.005872740121417525, "h1": 0.009687342634842638, "d1": 0.021519581883934182}, "garch_variance": 1.046805862500064e-06, "prev_return": -0.0007132340836329319, "boundary_trend": 0, "trend_ou": 0.09722807134338175}, "NVDA": {"p": 89.30772474147088, "d1_open": 90.12941982896956, "h1_open": 89.31770008616805, "m5_open": 89.35769526360833, "m1_open": 89.25773021011364, "band": {"m1": 0.0005601143031483863, "m5": 0.005925962173333764, "h1": 0.009851224053512849, "d1": 0.022222077128548696}, "garch_variance": 1.292398342783266e-06, "prev_return": 0.0011202287234457447, "boundary_trend": -1, "trend_ou": 0.019199992049727548}}