{"AAPL": {"p": 60.018860563046, "d1_open": 60.64587781624768, "h1_open": 59.45028971705123, "m5_open": 59.957106467575876, "m1_open": 60.01851095390748, "band": {"m1": 0.0005137318943810842, "m5": 0.005832619376266281, "h1": 0.009563802778772456, "d1": 0.020990015065963742}, "garch_variance": 1.1295576039489304e-06, "prev_return": 0.0, "boundary_trend": -1, "trend_ou": 0.14723570851423917}, "GOOG": {"p": 116.53233727207285, "d1_open": 115.96066030903073, "h1_open": 116.54179725422264, "m5_open": 116.54899474291155, "m1_open": 116.48977284487897, "band": {"m1": 0.0005072817452482078, "m5": 0.0058196387015327705, "h1": 0.00952383266649696, "d1": 0.020818678900899487}, "garch_variance": 9.916299420583415e-07, "prev_return": -0.00014182789410315257, "boundary_trend": -1, "trend_ou": 0.08005060801015688}, "AMZN": {"p": 46.80310265136206, "d1_open": 46.96789998105076, "h1_open": 46.9213797279267, "m5_open": 46.802704404040156, "m1_open": 46.77797922451278, "band": {"m1": 0.0005370780710449159, "m5": 0.0058796026504978225, "h1": 0.009708473744239075, "d1": 0.021610162646444532}, "garch_variance": 1.3360801248911726e-06, "prev_return": 0.001074156245370953, "boundary_trend": -1, "trend_ou": 0.05632538180599449}, "MSFT": {"p": 168.61290295519203, "d1_open": 167.62666310367777, "h1_open": 167.82975859843555, "m5_open": 168.58619849429923, "m1_open": 168.52928664904633, "band": {"m1": 0.0004961529702538441, "m5": 0.005797242473878444, "h1": 0.009454870170149985, "d1": 0.02052306377788187}, "garch_variance": 9.712286255356762e-07, "prev_return": 0.00044645755066260567, "boundary_trend": -1, "trend_ou": 0.09598247036595327}, "NVDA": {"p": 89.67371061340155, "d1_open": 90.12941982896956, "h1_open": 89.31770008616805, "m5_open": 89.67368377314698, "m1_open": 89.62693492339024, "band": {"m1": 0.0005218932238540906, "m5": 0.005849043735005854, "h1": 0.009614376687783442, "d1": 0.021206805540869747}, "garch_variance": 1.217824863370809e-06, "prev_return": 0.0, "boundary_trend": -1, "trend_ou": 0.004310564966210271}}