{"AAPL": {"p": 60.48237431078571, "d1_open": 60.64587781624768, "h1_open": 60.01860933966563, "m5_open": 60.4520660535103, "m1_open": 60.45214870734688, "band": {"m1": 0.0004999922101224214, "m5": 0.005804968795073702, "h1": 0.009478661069466937, "d1": 0.020625046014616674}, "garch_variance": 1.1704404214492655e-06, "prev_return": 0.0, "boundary_trend": -1, "trend_ou": 0.11019741502512503}, "GOOG": {"p": 116.64701230894205, "d1_open": 115.96066030903073, "h1_open": 116.59098795459168, "m5_open": 116.58833929644231, "m1_open": 116.5883652150414, "band": {"m1": 0.0005030269855183575, "m5": 0.005811076162747284, "h1": 0.009497466884775643, "d1": 0.02070565915509754}, "garch_variance": 1.1493379289510745e-06, "prev_return": 0.0010060540558929285, "boundary_trend": -1, "trend_ou": 0.07900271314965951}, "AMZN": {"p": 46.83199267793985, "d1_open": 46.96789998105076, "h1_open": 46.82840694605855, "m5_open": 46.76267786385328, "m1_open": 46.80907438026504, "band": {"m1": 0.0004896122809143993, "m5": 0.005784079590494007, "h1": 0.009414339000734967, "d1": 0.020349322581327954}, "garch_variance": 9.802485434596132e-07, "prev_return": 0.0009792246400754734, "boundary_trend": -1, "trend_ou": 0.0702035853494324}, "MSFT": {"p": 168.43079425975088, "d1_open": 167.62666310367777, "h1_open": 168.69620816167418, "m5_open": 168.5199691396183, "m1_open": 168.34258439096502, "band": {"m1": 0.0005239902256758024, "m5": 0.005853263869765915, "h1": 0.009627371332795372, "d1": 0.021262508477788454}, "garch_variance": 1.2158144485148035e-06, "prev_return": 0.0004853623436821244, "boundary_trend": -1, "trend_ou": 0.11239943889981685}, "NVDA": {"p": 89.88437439345446, "d1_open": 90.12941982896956, "h1_open": 89.72055995998423, "m5_open": 89.92989838153062, "m1_open": 89.93006619995292, "band": {"m1": 0.0005080815396806646, "m5": 0.005821248256779869, "h1": 0.009528788811324632, "d1": 0.020839923946257968}, "garch_variance": 1.1757973841476112e-06, "prev_return": 0.0, "boundary_trend": 1, "trend_ou": 0.038348772688907476}}