{"AAPL": {"p": 60.041915663904916, "d1_open": 60.64587781624768, "h1_open": 60.01860933966563, "m5_open": 60.011062434792, "m1_open": 60.011062434792, "band": {"m1": 0.0005141256938493144, "m5": 0.005833411882408701, "h1": 0.009566243064823978, "d1": 0.0210004756133559}, "garch_variance": 1.0961684419377027e-06, "prev_return": 0.0010282514782961048, "boundary_trend": -1, "trend_ou": 0.13689681815453286}, "GOOG": {"p": 116.59334614869587, "d1_open": 115.96066030903073, "h1_open": 116.59098795459168, "m5_open": 116.6507747051126, "m1_open": 116.6507747051126, "band": {"m1": 0.0004923118304348517, "m5": 0.00578951232910673, "h1": 0.009431067497270925, "d1": 0.02042103107251273}, "garch_variance": 1.0468799326967618e-06, "prev_return": -0.0009846237404177096, "boundary_trend": 1, "trend_ou": 0.08479410567195038}, "AMZN": {"p": 46.82878030054585, "d1_open": 46.96789998105076, "h1_open": 46.82840694605855, "m5_open": 46.85485174220671, "m1_open": 46.85485174220671, "band": {"m1": 0.0005564299254280053, "m5": 0.005918547506199962, "h1": 0.009828392799829373, "d1": 0.022124208515551722}, "garch_variance": 1.3703953857765566e-06, "prev_return": -0.0005675021145009774, "boundary_trend": 1, "trend_ou": 0.0589229920202034}, "MSFT": {"p": 168.86155935281286, "d1_open": 167.62666310367777, "h1_open": 168.69620816167418, "m5_open": 168.94395222538773, "m1_open": 168.94395222538773, "band": {"m1": 0.00048769353084003456, "m5": 0.005780218180455706, "h1": 0.00940244894140129, "d1": 0.020298354569164834}, "garch_variance": 1.0520337665002315e-06, "prev_return": -0.0009753871390103931, "boundary_trend": 1, "trend_ou": 0.09045545337286666}, "NVDA": {"p": 89.62731748233206, "d1_open": 90.12941982896956, "h1_open": 89.72055995998423, "m5_open": 89.57995899358836, "m1_open": 89.57995899358836, "band": {"m1": 0.0005286728111483405, "m5": 0.005862687391250257, "h1": 0.009656388253679106, "d1": 0.0213868926154142}, "garch_variance": 1.315798399716299e-06, "prev_return": 0.0, "boundary_trend": -1, "trend_ou": 0.013607834781880318}}