{"AAPL": {"p": 60.10353923331033, "d1_open": 60.64587781624768, "h1_open": 60.01860933966563, "m5_open": 60.011062434792, "m1_open": 60.072768350334655, "band": {"m1": 0.000512226817918854, "m5": 0.005829590468313488, "h1": 0.009554476161055678, "d1": 0.020950035520707556}, "garch_variance": 1.0926983396547939e-06, "prev_return": 0.0010244537254352852, "boundary_trend": -1, "trend_ou": 0.13800686796539446}, "GOOG": {"p": 116.59406028333407, "d1_open": 115.96066030903073, "h1_open": 116.59098795459168, "m5_open": 116.6507747051126, "m1_open": 116.53542849690265, "band": {"m1": 0.0005031241330438869, "m5": 0.00581127166837112, "h1": 0.009498068885973243, "d1": 0.0207082396976752}, "garch_variance": 1.219526030285462e-06, "prev_return": 0.0010062483509931876, "boundary_trend": -1, "trend_ou": 0.08916864101574207}, "AMZN": {"p": 46.88065395717449, "d1_open": 46.96789998105076, "h1_open": 46.82840694605855, "m5_open": 46.85485174220671, "m1_open": 46.85478296770094, "band": {"m1": 0.0005521525836835858, "m5": 0.005909939521986794, "h1": 0.009801887082481893, "d1": 0.022010588920708146}, "garch_variance": 1.2832435801814666e-06, "prev_return": 0.00046272763306104604, "boundary_trend": -1, "trend_ou": 0.05763086069893496}, "MSFT": {"p": 168.86102762659837, "d1_open": 167.62666310367777, "h1_open": 168.69620816167418, "m5_open": 168.94395222538773, "m1_open": 168.9448318460538, "band": {"m1": 0.0004960448836446669, "m5": 0.0057970249537734235, "h1": 0.009454200381930318, "d1": 0.020520192658977532}, "garch_variance": 1.1031606842697698e-06, "prev_return": -0.0009074987732799708, "boundary_trend": 1, "trend_ou": 0.08606200620462873}, "NVDA": {"p": 89.72230120839306, "d1_open": 90.12941982896956, "h1_open": 89.72055995998423, "m5_open": 89.57995899358836, "m1_open": 89.67482995552322, "band": {"m1": 0.0005293709828431167, "m5": 0.0058640924346827945, "h1": 0.009660714665433763, "d1": 0.02140543824254236}, "garch_variance": 1.206954280740302e-06, "prev_return": 0.0010587420645845383, "boundary_trend": -1, "trend_ou": 0.018485448714601824}}