{"AAPL": {"p": 60.40848065866436, "d1_open": 60.64587781624768, "h1_open": 60.01860933966563, "m5_open": 60.39356694942597, "m1_open": 60.3775236958136, "band": {"m1": 0.0005127232942961607, "m5": 0.00583058960774948, "h1": 0.009557552712641429, "d1": 0.020963223488424325}, "garch_variance": 1.1911590069388048e-06, "prev_return": 0.0010254466784505602, "boundary_trend": -1, "trend_ou": 0.13104875288502796}, "GOOG": {"p": 116.76430698557544, "d1_open": 115.96066030903073, "h1_open": 116.59098795459168, "m5_open": 116.82498612203729, "m1_open": 116.70506195133493, "band": {"m1": 0.0005076475111697735, "m5": 0.005820374791250796, "h1": 0.009526099235013496, "d1": 0.02082839478948148}, "garch_variance": 1.0692760788455226e-06, "prev_return": 0.0, "boundary_trend": -1, "trend_ou": 0.08327299293714696}, "AMZN": {"p": 46.88204591008991, "d1_open": 46.96789998105076, "h1_open": 46.82840694605855, "m5_open": 46.85821270257611, "m1_open": 46.85808663665083, "band": {"m1": 0.0005113156588074127, "m5": 0.005827756795973137, "h1": 0.009548829914552708, "d1": 0.020925832280642615}, "garch_variance": 1.2861799832249952e-06, "prev_return": 0.0010226314067351156, "boundary_trend": -1, "trend_ou": 0.08222700988180802}, "MSFT": {"p": 168.9165360211561, "d1_open": 167.62666310367777, "h1_open": 168.69620816167418, "m5_open": 168.6703282560144, "m1_open": 168.8388734612009, "band": {"m1": 0.0005045764763268837, "m5": 0.005814194452847822, "h1": 0.00950706872813008, "d1": 0.02074681848451242}, "garch_variance": 1.2172372013504973e-06, "prev_return": -4.457465353957164e-05, "boundary_trend": -1, "trend_ou": 0.10320943014689223}, "NVDA": {"p": 89.86917860477331, "d1_open": 90.12941982896956, "h1_open": 89.72055995998423, "m5_open": 89.81012927451938, "m1_open": 89.90038973614199, "band": {"m1": 0.0005025921272926851, "m5": 0.005810201027449424, "h1": 0.009494772166910059, "d1": 0.02069410795849751}, "garch_variance": 1.1408025625289767e-06, "prev_return": -6.262960835578338e-05, "boundary_trend": 0, "trend_ou": 0.02291444385843626}}