{"AAPL": {"p": 59.8862394852233, "d1_open": 60.64587781624768, "h1_open": 59.45028971705123, "m5_open": 59.7249109543549, "m1_open": 59.854287894332494, "band": {"m1": 0.0005338229225483684, "m5": 0.0058730517905142, "h1": 0.009688302326772579, "d1": 0.02152369570612676}, "garch_variance": 1.1082809536319047e-06, "prev_return": 0.0010676459465112705, "boundary_trend": -1, "trend_ou": 0.13659375686009664}, "GOOG": {"p": 116.38912355102275, "d1_open": 115.96066030903073, "h1_open": 116.54179725422264, "m5_open": 116.32718278656239, "m1_open": 116.45064289242264, "band": {"m1": 0.0005282868335618625, "m5": 0.005861910626341217, "h1": 0.009653996438056003, "d1": 0.021376639841702218}, "garch_variance": 1.0756785580502605e-06, "prev_return": 0.0, "boundary_trend": 1, "trend_ou": 0.08200690164788964}, "AMZN": {"p": 46.93623521737276, "d1_open": 46.96789998105076, "h1_open": 46.9213797279267, "m5_open": 46.861483199341926, "m1_open": 46.91173096540906, "band": {"m1": 0.0005223480664519521, "m5": 0.005849959088076947, "h1": 0.009617195244274101, "d1": 0.02121888758499307}, "garch_variance": 9.908333009223172e-07, "prev_return": 0.0, "boundary_trend": -1, "trend_ou": 0.05862719154011418}, "MSFT": {"p": 168.4329823778873, "d1_open": 167.62666310367777, "h1_open": 167.82975859843555, "m5_open": 168.5269736363333, "m1_open": 168.34060255384426, "band": {"m1": 0.0005487673362311052, "m5": 0.00590312684290483, "h1": 0.009780909471271897, "d1": 0.021920666144605923}, "garch_variance": 1.1465854246396977e-06, "prev_return": 0.0, "boundary_trend": -1, "trend_ou": 0.09443936362556565}, "NVDA": {"p": 89.35769526360833, "d1_open": 90.12941982896956, "h1_open": 89.31770008616805, "m5_open": 89.30749152567925, "m1_open": 89.30770958239263, "band": {"m1": 0.0005597017485886001, "m5": 0.005925131923297665, "h1": 0.009848667546409723, "d1": 0.022211118387177393}, "garch_variance": 1.228282484497433e-06, "prev_return": 0.0011194036140674585, "boundary_trend": -1, "trend_ou": 0.021922766894384074}}