{"AAPL": {"p": 60.33179259753311, "d1_open": 60.64587781624768, "h1_open": 60.01860933966563, "m5_open": 60.2463716107673, "m1_open": 60.308228015643074, "band": {"m1": 0.0005123091070750069, "m5": 0.00582975607204576, "h1": 0.009554986088305845, "d1": 0.02095222137845304}, "garch_variance": 1.1496710572918093e-06, "prev_return": 0.0009030998345335119, "boundary_trend": 0, "trend_ou": 0.13160833951989015}, "GOOG": {"p": 116.82485521054137, "d1_open": 115.96066030903073, "h1_open": 116.59098795459168, "m5_open": 116.88485868151558, "m1_open": 116.76428081144667, "band": {"m1": 0.000518775079790947, "m5": 0.00584276859112591, "h1": 0.009595054255739234, "d1": 0.021123977867448396}, "garch_variance": 1.2800808803475702e-06, "prev_return": 7.069055033617396e-05, "boundary_trend": -1, "trend_ou": 0.0864617242394223}, "AMZN": {"p": 46.860681647375024, "d1_open": 46.96789998105076, "h1_open": 46.82840694605855, "m5_open": 46.83722647914959, "m1_open": 46.8370180257564, "band": {"m1": 0.0005052333093796284, "m5": 0.005815516303868048, "h1": 0.00951113897368931, "d1": 0.020764266027821325}, "garch_variance": 1.0386304294291582e-06, "prev_return": 0.0010104667047367488, "boundary_trend": -1, "trend_ou": 0.060941264608479775}, "MSFT": {"p": 168.7492195864793, "d1_open": 167.62666310367777, "h1_open": 168.69620816167418, "m5_open": 168.73593216259113, "m1_open": 168.83221043054436, "band": {"m1": 0.0004915581206536618, "m5": 0.005787995517431288, "h1": 0.00942639692858225, "d1": 0.02040101017984495}, "garch_variance": 1.0099541082042606e-06, "prev_return": -0.0009831163204906674, "boundary_trend": 1, "trend_ou": 0.0987988493134646}, "NVDA": {"p": 89.81022873110783, "d1_open": 90.12941982896956, "h1_open": 89.72055995998423, "m5_open": 89.85508776836274, "m1_open": 89.76492119583209, "band": {"m1": 0.0005047354208321175, "m5": 0.005814514322494339, "h1": 0.009508053671204868, "d1": 0.020751040548440524}, "garch_variance": 1.2001862822955262e-06, "prev_return": 0.0, "boundary_trend": -1, "trend_ou": 0.031435226008110335}}