{"AAPL": {"p": 60.215466257716066, "d1_open": 60.64587781624768, "h1_open": 60.01860933966563, "m5_open": 60.26777925397724, "m1_open": 60.237318332993375, "band": {"m1": 0.000511491601239855, "m5": 0.005828110873288297, "h1": 0.009549920189929891, "d1": 0.02093050586276075}, "garch_variance": 1.266647549389431e-06, "prev_return": 0.0001487902393870059, "boundary_trend": 1, "trend_ou": 0.13800866841500814}, "GOOG": {"p": 116.82448785459074, "d1_open": 115.96066030903073, "h1_open": 116.59098795459168, "m5_open": 116.61822695946076, "m1_open": 116.80194354124562, "band": {"m1": 0.0005189025058462485, "m5": 0.005843025031115493, "h1": 0.00959584388612332, "d1": 0.02112736270261962}, "garch_variance": 1.1554980509720882e-06, "prev_return": 0.0007120317273557047, "boundary_trend": 0, "trend_ou": 0.09012940918641658}, "AMZN": {"p": 46.81299737780611, "d1_open": 46.96789998105076, "h1_open": 46.82840694605855, "m5_open": 46.813084171133156, "m1_open": 46.78864500134697, "band": {"m1": 0.0005204762065333247, "m5": 0.005846192042656781, "h1": 0.009605595752608059, "d1": 0.021169165122242498}, "garch_variance": 1.1017883761517294e-06, "prev_return": 0.0010409525070632487, "boundary_trend": -1, "trend_ou": 0.05864565500893664}, "MSFT": {"p": 168.65167013096695, "d1_open": 167.62666310367777, "h1_open": 168.69620816167418, "m5_open": 168.82136803963562, "m1_open": 168.73630543174772, "band": {"m1": 0.0005015832281275041, "m5": 0.005808170657045215, "h1": 0.00948852024744646, "d1": 0.020667308436449625}, "garch_variance": 1.052061521615553e-06, "prev_return": -0.0005074102726324145, "boundary_trend": 1, "trend_ou": 0.08439195430590597}, "NVDA": {"p": 89.80959440183922, "d1_open": 90.12941982896956, "h1_open": 89.72055995998423, "m5_open": 89.71575681951947, "m1_open": 89.85552064409994, "band": {"m1": 0.0005111120822795488, "m5": 0.005827347106113702, "h1": 0.009547568396949355, "d1": 0.020920424650390543}, "garch_variance": 1.0660769591638926e-06, "prev_return": 0.0, "boundary_trend": 1, "trend_ou": 0.023755232733738113}}