{"AAPL": {"p": 59.6919454351414, "d1_open": 60.64587781624768, "h1_open": 59.45028971705123, "m5_open": 59.635565183466795, "m1_open": 59.65920166367072, "band": {"m1": 0.0005488469600258966, "m5": 0.005903287082700832, "h1": 0.009781402881881798, "d1": 0.02192278120200481}, "garch_variance": 1.2007842306094226e-06, "prev_return": 0.00109769403027231, "boundary_trend": -1, "trend_ou": 0.1381349745619729}, "GOOG": {"p": 116.38999052521001, "d1_open": 115.96066030903073, "h1_open": 116.54179725422264, "m5_open": 116.40528161096526, "m1_open": 116.45372675170726, "band": {"m1": 0.0005473094616641196, "m5": 0.005900192926933828, "h1": 0.009771875353001823, "d1": 0.021881940429540073}, "garch_variance": 1.138055843166706e-06, "prev_return": 0.0, "boundary_trend": 1, "trend_ou": 0.07184301009774234}, "AMZN": {"p": 46.866448532927045, "d1_open": 46.96789998105076, "h1_open": 46.9213797279267, "m5_open": 46.86767729494002, "m1_open": 46.841290702284546, "band": {"m1": 0.0005587367809873878, "m5": 0.005923189963460509, "h1": 0.009842687860891125, "d1": 0.02218548582507736}, "garch_variance": 1.1557256037345517e-06, "prev_return": -2.1638302061334968e-05, "boundary_trend": -1, "trend_ou": 0.05811275289242327}, "MSFT": {"p": 168.43364997971568, "d1_open": 167.62666310367777, "h1_open": 167.82975859843555, "m5_open": 168.24772373966175, "m1_open": 168.3405439841592, "band": {"m1": 0.0005530812325593803, "m5": 0.0059118083917989485, "h1": 0.009807641709090575, "d1": 0.02203525674369829}, "garch_variance": 1.2462859126227106e-06, "prev_return": 0.001106162577909912, "boundary_trend": -1, "trend_ou": 0.09601940876681492}, "NVDA": {"p": 89.36002762267478, "d1_open": 90.12941982896956, "h1_open": 89.31770008616805, "m5_open": 89.25509332379079, "m1_open": 89.30770102334273, "band": {"m1": 0.0005859136304312517, "m5": 0.005977882317954191, "h1": 0.010011096637368678, "d1": 0.022907388073586114}, "garch_variance": 1.3195032989864628e-06, "prev_return": 0.0, "boundary_trend": -1, "trend_ou": 0.00800630533003513}}