{"AAPL": {"p": 60.465105262617506, "d1_open": 60.64587781624768, "h1_open": 60.01860933966563, "m5_open": 60.46517152250016, "m1_open": 60.495061037010785, "band": {"m1": 0.0004951771909933034, "m5": 0.0057952787559966005, "h1": 0.009448823487228948, "d1": 0.02049714402424422}, "garch_variance": 1.1274037965920631e-06, "prev_return": 0.0, "boundary_trend": 1, "trend_ou": 0.09840903084859014}, "GOOG": {"p": 116.73131780090614, "d1_open": 115.96066030903073, "h1_open": 116.59098795459168, "m5_open": 116.73090151570756, "m1_open": 116.67152901129202, "band": {"m1": 0.000512453981882055, "m5": 0.005830047626970867, "h1": 0.009555883844649816, "d1": 0.020956069707126174}, "garch_variance": 1.2985195533045982e-06, "prev_return": 0.0, "boundary_trend": -1, "trend_ou": 0.0721913083434842}, "AMZN": {"p": 46.893995693357944, "d1_open": 46.96789998105076, "h1_open": 46.82840694605855, "m5_open": 46.89383323090911, "m1_open": 46.87082941354334, "band": {"m1": 0.0004942579447485951, "m5": 0.005793428808614494, "h1": 0.009443127126594036, "d1": 0.020472725964588004}, "garch_variance": 1.1876102627305613e-06, "prev_return": 0.0, "boundary_trend": -1, "trend_ou": 0.06326592935274061}, "MSFT": {"p": 168.17294059161287, "d1_open": 167.62666310367777, "h1_open": 168.69620816167418, "m5_open": 168.1727590183512, "m1_open": 168.25575920124578, "band": {"m1": 0.0004922185726424394, "m5": 0.00578932465141979, "h1": 0.009430489599867859, "d1": 0.020418553853430645}, "garch_variance": 1.0624438489952116e-06, "prev_return": -0.0009844372247877718, "boundary_trend": 1, "trend_ou": 0.10359689415017875}, "NVDA": {"p": 89.72436425859662, "d1_open": 90.12941982896956, "h1_open": 89.72055995998423, "m5_open": 89.81711137604975, "m1_open": 89.77095963368244, "band": {"m1": 0.0005190473096862061, "m5": 0.005843316443222087, "h1": 0.009596741202700317, "d1": 0.02113120914618454}, "garch_variance": 1.373082563972187e-06, "prev_return": -0.0010380947125967549, "boundary_trend": 1, "trend_ou": 0.0362925991932594}}