{"AAPL": {"p": 60.237464515208984, "d1_open": 60.64587781624768, "h1_open": 60.01860933966563, "m5_open": 60.26777925397724, "m1_open": 60.26777925397724, "band": {"m1": 0.0005030007599998814, "m5": 0.005811023384909432, "h1": 0.009497304371181556, "d1": 0.020704962523179427}, "garch_variance": 1.0711040074085295e-06, "prev_return": -0.001006001604842592, "boundary_trend": 1, "trend_ou": 0.1386789068775943}, "GOOG": {"p": 116.67983499285299, "d1_open": 115.96066030903073, "h1_open": 116.59098795459168, "m5_open": 116.61822695946076, "m1_open": 116.61822695946076, "band": {"m1": 0.000528288201583145, "m5": 0.0058619133794309405, "h1": 0.009654004915373833, "d1": 0.02137667618063259}, "garch_variance": 1.2104430685340126e-06, "prev_return": 0.0, "boundary_trend": -1, "trend_ou": 0.0956310316171826}, "AMZN": {"p": 46.83807042020389, "d1_open": 46.96789998105076, "h1_open": 46.82840694605855, "m5_open": 46.813084171133156, "m1_open": 46.813084171133156, "band": {"m1": 0.0005337449884608675, "m5": 0.005872894951188526, "h1": 0.00968781938689579, "d1": 0.02152162553264626}, "garch_variance": 1.2272674095953015e-06, "prev_return": 0.0, "boundary_trend": -1, "trend_ou": 0.06121091421725045}, "MSFT": {"p": 168.90687237511324, "d1_open": 167.62666310367777, "h1_open": 168.69620816167418, "m5_open": 168.82136803963562, "m1_open": 168.82136803963562, "band": {"m1": 0.000506478157774161, "m5": 0.005818021512936718, "h1": 0.009518853017050233, "d1": 0.020797333100475265}, "garch_variance": 1.0843375945600505e-06, "prev_return": 0.0010129564021628171, "boundary_trend": -1, "trend_ou": 0.08655433309266589}, "NVDA": {"p": 89.76261977134676, "d1_open": 90.12941982896956, "h1_open": 89.72055995998423, "m5_open": 89.71575681951947, "m1_open": 89.71575681951947, "band": {"m1": 0.000522349177988476, "m5": 0.005849961325001051, "h1": 0.009617202132214016, "d1": 0.021218917110884864}, "garch_variance": 1.1748640577512985e-06, "prev_return": 0.0, "boundary_trend": -1, "trend_ou": 0.018709853454355222}}