{"AAPL": {"p": 60.225433232852204, "d1_open": 60.64587781624768, "h1_open": 60.01860933966563, "m5_open": 60.16500638409929, "m1_open": 60.19511177094733, "band": {"m1": 0.0005037196711296724, "m5": 0.0058124701656498265, "h1": 0.00950175930051449, "d1": 0.020724059054664658}, "garch_variance": 1.0973905972554956e-06, "prev_return": 0.001007439427466438, "boundary_trend": -1, "trend_ou": 0.13990552849630725}, "GOOG": {"p": 116.7875888237992, "d1_open": 115.96066030903073, "h1_open": 116.59098795459168, "m5_open": 116.66630908585559, "m1_open": 116.72681201714605, "band": {"m1": 0.0005206756322979512, "m5": 0.0058465933792663325, "h1": 0.009606831548872383, "d1": 0.021174462495221355}, "garch_variance": 1.2138080615903414e-06, "prev_return": 0.0, "boundary_trend": -1, "trend_ou": 0.09137617884612154}, "AMZN": {"p": 46.80326147796425, "d1_open": 46.96789998105076, "h1_open": 46.82840694605855, "m5_open": 46.829278464686965, "m1_open": 46.8285098548765, "band": {"m1": 0.0005391667808882862, "m5": 0.005883806097973367, "h1": 0.009721417005740567, "d1": 0.021665645322445148}, "garch_variance": 1.3085890302028376e-06, "prev_return": -0.0010783336662675289, "boundary_trend": 1, "trend_ou": 0.05936766260387356}, "MSFT": {"p": 168.82277137272075, "d1_open": 167.62666310367777, "h1_open": 168.69620816167418, "m5_open": 168.8620695555655, "m1_open": 168.91058683907323, "band": {"m1": 0.000519893205013501, "m5": 0.005845018774730399, "h1": 0.009601983024324714, "d1": 0.021153678775713843}, "garch_variance": 1.2956658126625617e-06, "prev_return": 0.0, "boundary_trend": 1, "trend_ou": 0.09073975036934957}, "NVDA": {"p": 89.81722669970723, "d1_open": 90.12941982896956, "h1_open": 89.72055995998423, "m5_open": 89.72212273680886, "m1_open": 89.76984266137491, "band": {"m1": 0.0005278391598731247, "m5": 0.0058610097004214365, "h1": 0.009651222305670377, "d1": 0.021364748226260718}, "garch_variance": 1.1911911341257598e-06, "prev_return": 0.0, "boundary_trend": -1, "trend_ou": 0.02248040675623409}}