{"AAPL": {"p": 60.23737295071648, "d1_open": 60.64587781624768, "h1_open": 60.01860933966563, "m5_open": 60.25160163332547, "m1_open": 60.22105882827894, "band": {"m1": 0.0005054061423283359, "m5": 0.005815864123467902, "h1": 0.009512209980300541, "d1": 0.020768857012311487}, "garch_variance": 1.0992719947801225e-06, "prev_return": 0.0007764011606932376, "boundary_trend": 0, "trend_ou": 0.14021832358830377}, "GOOG": {"p": 116.68008408078947, "d1_open": 115.96066030903073, "h1_open": 116.59098795459168, "m5_open": 116.84828908718391, "m1_open": 116.74197408455264, "band": {"m1": 0.0005301435430442278, "m5": 0.0058656471820965495, "h1": 0.009665502045902316, "d1": 0.02142595986140927}, "garch_variance": 1.3203035492433017e-06, "prev_return": 0.0, "boundary_trend": 1, "trend_ou": 0.08986267947379449}, "AMZN": {"p": 46.83820046336522, "d1_open": 46.96789998105076, "h1_open": 46.82840694605855, "m5_open": 46.828635208238104, "m1_open": 46.85417629924825, "band": {"m1": 0.000536947324995441, "m5": 0.00587933952914885, "h1": 0.009707663540603557, "d1": 0.021606689621828688}, "garch_variance": 1.3060681007868326e-06, "prev_return": -0.0005135315961515971, "boundary_trend": 0, "trend_ou": 0.06390520712542765}, "MSFT": {"p": 168.73556399446625, "d1_open": 167.62666310367777, "h1_open": 168.69620816167418, "m5_open": 168.73470488840513, "m1_open": 168.82210868179962, "band": {"m1": 0.0005126383505640486, "m5": 0.005830418661786141, "h1": 0.009557026335585693, "d1": 0.020960967116826316}, "garch_variance": 1.0773209388486433e-06, "prev_return": 0.0, "boundary_trend": 1, "trend_ou": 0.08823195702656846}, "NVDA": {"p": 89.67659864713549, "d1_open": 90.12941982896956, "h1_open": 89.72055995998423, "m5_open": 89.77009347640698, "m1_open": 89.62957957657531, "band": {"m1": 0.0005245932289575486, "m5": 0.005854477390461689, "h1": 0.009631108007464029, "d1": 0.021278526133766195}, "garch_variance": 1.2377261651569387e-06, "prev_return": 0.0007210129160107747, "boundary_trend": -1, "trend_ou": 0.020423567027520927}}