{"AAPL": {"p": 60.45247134943478, "d1_open": 60.64587781624768, "h1_open": 60.01860933966563, "m5_open": 60.421415236362286, "m1_open": 60.421415236362286, "band": {"m1": 0.0005139918181493124, "m5": 0.005833142462759534, "h1": 0.009565413467453467, "d1": 0.02099691945541891}, "garch_variance": 1.1845135576989303e-06, "prev_return": 0.0, "boundary_trend": -1, "trend_ou": 0.12507972381970156}, "GOOG": {"p": 116.7056110064734, "d1_open": 115.96066030903073, "h1_open": 116.59098795459168, "m5_open": 116.76398215485752, "m1_open": 116.76398215485752, "band": {"m1": 0.0004999071400861986, "m5": 0.005804797594928244, "h1": 0.009478133909733254, "d1": 0.02062278628798586}, "garch_variance": 1.0992805097413069e-06, "prev_return": -0.0008241427032035049, "boundary_trend": 1, "trend_ou": 0.07710807568377324}, "AMZN": {"p": 46.85784410926626, "d1_open": 46.96789998105076, "h1_open": 46.82840694605855, "m5_open": 46.833698801661114, "m1_open": 46.833698801661114, "band": {"m1": 0.0005155541463294631, "m5": 0.005836286587572117, "h1": 0.009575094861090322, "d1": 0.021038419785635226}, "garch_variance": 1.1905265348514267e-06, "prev_return": 0.0, "boundary_trend": -1, "trend_ou": 0.08391902658381062}, "MSFT": {"p": 168.69565460606836, "d1_open": 167.62666310367777, "h1_open": 168.69620816167418, "m5_open": 168.78202822370451, "m1_open": 168.78202822370451, "band": {"m1": 0.0005117465321702913, "m5": 0.005828623911889318, "h1": 0.009551499939126712, "d1": 0.02093727762680487}, "garch_variance": 1.285429455277604e-06, "prev_return": 0.0, "boundary_trend": 1, "trend_ou": 0.10349891312525239}, "NVDA": {"p": 89.9415211886821, "d1_open": 90.12941982896956, "h1_open": 89.72055995998423, "m5_open": 89.89633549011951, "m1_open": 89.89633549011951, "band": {"m1": 0.0005026422747515839, "m5": 0.00581030194726372, "h1": 0.00949508291934713, "d1": 0.020695440032085025}, "garch_variance": 1.1555309792870106e-06, "prev_return": 0.0010052846341647114, "boundary_trend": -1, "trend_ou": 0.02755799966598965}}