{"AAPL": {"p": 60.22105882827894, "d1_open": 60.64587781624768, "h1_open": 60.01860933966563, "m5_open": 60.25160163332547, "m1_open": 60.251563483391436, "band": {"m1": 0.000506288191523915, "m5": 0.005817639213232635, "h1": 0.009517675839252563, "d1": 0.02079228700182882}, "garch_variance": 1.1355363577046849e-06, "prev_return": 0.0, "boundary_trend": 1, "trend_ou": 0.14050976348153632}, "GOOG": {"p": 116.74197408455264, "d1_open": 115.96066030903073, "h1_open": 116.59098795459168, "m5_open": 116.84828908718391, "m1_open": 116.72650512452499, "band": {"m1": 0.0005275715248178974, "m5": 0.005860471095262451, "h1": 0.009649563831891564, "d1": 0.02135763900086844}, "garch_variance": 1.3569883185776372e-06, "prev_return": 0.0006602250739328852, "boundary_trend": 0, "trend_ou": 0.08373598720175746}, "AMZN": {"p": 46.85417629924825, "d1_open": 46.96789998105076, "h1_open": 46.82840694605855, "m5_open": 46.828635208238104, "m1_open": 46.87933509999035, "band": {"m1": 0.000536671449977653, "m5": 0.005878784341385088, "h1": 0.009705954005644312, "d1": 0.021599361517220392}, "garch_variance": 1.2134321324268078e-06, "prev_return": -0.0010733430030021543, "boundary_trend": 1, "trend_ou": 0.06052186325117645}, "MSFT": {"p": 168.82210868179962, "d1_open": 167.62666310367777, "h1_open": 168.69620816167418, "m5_open": 168.73470488840513, "m1_open": 168.734984627832, "band": {"m1": 0.0005163366338034564, "m5": 0.005837861313237169, "h1": 0.009579943758618948, "d1": 0.02105920510396553}, "garch_variance": 1.1105919759643676e-06, "prev_return": 0.0, "boundary_trend": -1, "trend_ou": 0.08525785399158893}, "NVDA": {"p": 89.62957957657531, "d1_open": 90.12941982896956, "h1_open": 89.72055995998423, "m5_open": 89.77009347640698, "m1_open": 89.67658199057038, "band": {"m1": 0.0005241325321700503, "m5": 0.005853550256061214, "h1": 0.009628253173887017, "d1": 0.02126628858402877}, "garch_variance": 1.2928706422237937e-06, "prev_return": 0.0, "boundary_trend": 1, "trend_ou": 0.021155862026254697}}