{"AAPL": {"p": 60.308228015643074, "d1_open": 60.64587781624768, "h1_open": 60.01860933966563, "m5_open": 60.2463716107673, "m1_open": 60.27727652278596, "band": {"m1": 0.0005134852575068786, "m5": 0.005832123029131448, "h1": 0.009562274425962284, "d1": 0.020983463618032962}, "garch_variance": 1.1928080196497831e-06, "prev_return": 0.0, "boundary_trend": -1, "trend_ou": 0.13847961684253116}, "GOOG": {"p": 116.76428081144667, "d1_open": 115.96066030903073, "h1_open": 116.59098795459168, "m5_open": 116.88485868151558, "m1_open": 116.82455568081271, "band": {"m1": 0.0005159434933415713, "m5": 0.005837070133319436, "h1": 0.009577507556280387, "d1": 0.021048762061846145}, "garch_variance": 1.195802235542812e-06, "prev_return": -0.0010318870782450621, "boundary_trend": 1, "trend_ou": 0.09184279963853469}, "AMZN": {"p": 46.8370180257564, "d1_open": 46.96789998105076, "h1_open": 46.82840694605855, "m5_open": 46.83722647914959, "m1_open": 46.81315799160549, "band": {"m1": 0.0005096864893238634, "m5": 0.0058244781556322615, "h1": 0.009538734320508009, "d1": 0.020882556436037984}, "garch_variance": 1.0666254879876797e-06, "prev_return": 0.0, "boundary_trend": -1, "trend_ou": 0.059241198170152554}, "MSFT": {"p": 168.83221043054436, "d1_open": 167.62666310367777, "h1_open": 168.69620816167418, "m5_open": 168.73593216259113, "m1_open": 168.8089371502043, "band": {"m1": 0.0004939389350822177, "m5": 0.005792786814044945, "h1": 0.009441150295993782, "d1": 0.02046425206860055}, "garch_variance": 1.006812281236286e-06, "prev_return": 0.0006319190443446691, "boundary_trend": 0, "trend_ou": 0.09434887954114014}, "NVDA": {"p": 89.76492119583209, "d1_open": 90.12941982896956, "h1_open": 89.72055995998423, "m5_open": 89.85508776836274, "m1_open": 89.80998816278588, "band": {"m1": 0.0005018035062215438, "m5": 0.005808613958158218, "h1": 0.009489885260870062, "d1": 0.0206731597126144}, "garch_variance": 1.112862520175451e-06, "prev_return": -0.0010036070966814704, "boundary_trend": 1, "trend_ou": 0.030121215501682275}}