{"AAPL": {"p": 60.436775064650476, "d1_open": 60.64587781624768, "h1_open": 60.34576209807594, "m5_open": 60.34623991845419, "m1_open": 60.4066808332142, "band": {"m1": 0.0004981937597160687, "m5": 0.005801349483447213, "h1": 0.009467516479910483, "d1": 0.020577273538456068}, "garch_variance": 1.0994323280416223e-06, "prev_return": 0.0009963876018656325, "boundary_trend": -1, "trend_ou": 0.11106091209262568}, "GOOG": {"p": 116.89849547065235, "d1_open": 115.96066030903073, "h1_open": 116.90937729849402, "m5_open": 116.90956551134133, "m1_open": 116.90977953842413, "band": {"m1": 0.0004962860208967226, "m5": 0.005797510233132176, "h1": 0.009455694654828498, "d1": 0.02052659801971729}, "garch_variance": 1.1488399459516515e-06, "prev_return": 0.00039988510196956896, "boundary_trend": 1, "trend_ou": 0.07218773150663375}, "AMZN": {"p": 46.927559424121554, "d1_open": 46.96789998105076, "h1_open": 46.998622621007485, "m5_open": 46.950708370044566, "m1_open": 46.95078387207732, "band": {"m1": 0.000494655169528957, "m5": 0.005794228208064606, "h1": 0.009445588638528504, "d1": 0.020483277498999634}, "garch_variance": 1.1435975804840781e-06, "prev_return": -0.0009893104197474627, "boundary_trend": 1, "trend_ou": 0.0595610583557657}, "MSFT": {"p": 167.63446314052416, "d1_open": 167.62666310367777, "h1_open": 168.18314018534795, "m5_open": 167.71710903033275, "m1_open": 167.54909724486618, "band": {"m1": 0.0005094977953431034, "m5": 0.005824098416321128, "h1": 0.009537565026675987, "d1": 0.020877544132854267}, "garch_variance": 1.3344593755579847e-06, "prev_return": 0.0, "boundary_trend": -1, "trend_ou": 0.08818452788658071}, "NVDA": {"p": 89.58688787789222, "d1_open": 90.12941982896956, "h1_open": 89.81824119997734, "m5_open": 89.71985555230542, "m1_open": 89.63094426802473, "band": {"m1": 0.0004915310275071909, "m5": 0.0057879409935257765, "h1": 0.009426229038494126, "d1": 0.020400290501009586}, "garch_variance": 1.0233064616446692e-06, "prev_return": 0.0, "boundary_trend": 1, "trend_ou": 0.02951712094508534}}