{"AAPL": {"p": 60.46716720694108, "d1_open": 60.64587781624768, "h1_open": 60.34576209807594, "m5_open": 60.436847244641825, "m1_open": 60.436847244641825, "band": {"m1": 0.0005016800789842263, "m5": 0.005808365565634593, "h1": 0.009489120410254702, "d1": 0.020669881098574507}, "garch_variance": 1.1841524600392116e-06, "prev_return": 0.000446045424016114, "boundary_trend": -1, "trend_ou": 0.11364284973699311}, "GOOG": {"p": 116.84038257891281, "d1_open": 115.96066030903073, "h1_open": 116.90937729849402, "m5_open": 116.89835425519205, "m1_open": 116.89835425519205, "band": {"m1": 0.0004959152474694854, "m5": 0.005796764066003379, "h1": 0.009453397055934249, "d1": 0.020516749116099426}, "garch_variance": 1.1147279954519015e-06, "prev_return": -0.0009426885598910608, "boundary_trend": 1, "trend_ou": 0.07079020271855259}, "AMZN": {"p": 46.98245643782844, "d1_open": 46.96789998105076, "h1_open": 46.998622621007485, "m5_open": 46.95880979311225, "m1_open": 46.95880979311225, "band": {"m1": 0.0005035614152139872, "m5": 0.005812151681763043, "h1": 0.00950077862447307, "d1": 0.020719855281831866}, "garch_variance": 1.2077759649697322e-06, "prev_return": 0.001007122915554914, "boundary_trend": -1, "trend_ou": 0.05815450808065098}, "MSFT": {"p": 167.7201403063798, "d1_open": 167.62666310367777, "h1_open": 168.18314018534795, "m5_open": 167.6343176447364, "m1_open": 167.6343176447364, "band": {"m1": 0.0005119635576367118, "m5": 0.005829060667215506, "h1": 0.00955284479675415, "d1": 0.02094304250299172}, "garch_variance": 1.174836699580251e-06, "prev_return": 0.00102392720473267, "boundary_trend": -1, "trend_ou": 0.09016974270698208}, "NVDA": {"p": 89.62064063816437, "d1_open": 90.12941982896956, "h1_open": 89.81824119997734, "m5_open": 89.66432610135233, "m1_open": 89.66432610135233, "band": {"m1": 0.00048721119186887125, "m5": 0.005779247492000759, "h1": 0.00939945999611722, "d1": 0.02028554213523847}, "garch_variance": 1.0578775577274114e-06, "prev_return": -0.0009744224608388008, "boundary_trend": 1, "trend_ou": 0.02496144186496044}}