{"AAPL": {"p": 60.452132438421906, "d1_open": 60.64587781624768, "h1_open": 60.01860933966563, "m5_open": 60.4520660535103, "m1_open": 60.48237431078571, "band": {"m1": 0.0005000113290594487, "m5": 0.0058050072711922675, "h1": 0.009478779545186463, "d1": 0.020625553873471234}, "garch_variance": 1.1299875708753537e-06, "prev_return": 0.0, "boundary_trend": 1, "trend_ou": 0.11412498259849872}, "GOOG": {"p": 116.70579285683357, "d1_open": 115.96066030903073, "h1_open": 116.59098795459168, "m5_open": 116.58833929644231, "m1_open": 116.64701230894205, "band": {"m1": 0.0005039181606797468, "m5": 0.005812869618163937, "h1": 0.009502989295269425, "d1": 0.020729331558852468}, "garch_variance": 1.1721460632796624e-06, "prev_return": 0.0010078364066673608, "boundary_trend": -1, "trend_ou": 0.07958760480729467}, "AMZN": {"p": 46.8548335350712, "d1_open": 46.96789998105076, "h1_open": 46.82840694605855, "m5_open": 46.76267786385328, "m1_open": 46.83199267793985, "band": {"m1": 0.0004877190959697023, "m5": 0.0057802696292867176, "h1": 0.009402607362715603, "d1": 0.020299033659087622}, "garch_variance": 1.020151571988316e-06, "prev_return": 0.0009754382692818934, "boundary_trend": -1, "trend_ou": 0.06659381933818863}, "MSFT": {"p": 168.3430247068747, "d1_open": 167.62666310367777, "h1_open": 168.69620816167418, "m5_open": 168.5199691396183, "m1_open": 168.43079425975088, "band": {"m1": 0.0005211015792090538, "m5": 0.005847450580889562, "h1": 0.009609471045341295, "d1": 0.021185776979393098}, "garch_variance": 1.1840513109729033e-06, "prev_return": 0.0, "boundary_trend": 1, "trend_ou": 0.11513300623688692}, "NVDA": {"p": 89.83883451748449, "d1_open": 90.12941982896956, "h1_open": 89.72055995998423, "m5_open": 89.92989838153062, "m1_open": 89.88437439345446, "band": {"m1": 0.0005066495292121668, "m5": 0.005818366391303022, "h1": 0.009519914967010894, "d1": 0.02080188526266324}, "garch_variance": 1.1347016980498978e-06, "prev_return": -0.001013299145126866, "boundary_trend": 1, "trend_ou": 0.03596684972935896}}