{"AAPL": {"p": 59.635565183466795, "d1_open": 60.64587781624768, "h1_open": 59.45028971705123, "m5_open": 59.688333043121425, "m1_open": 59.60288013848338, "band": {"m1": 0.0005483802948361264, "m5": 0.005902347937122479, "h1": 0.009778511063468621, "d1": 0.021910385112807945}, "garch_variance": 1.1566355470543577e-06, "prev_return": 0.0010967606996118138, "boundary_trend": -1, "trend_ou": 0.13561966923953747}, "GOOG": {"p": 116.40528161096526, "d1_open": 115.96066030903073, "h1_open": 116.54179725422264, "m5_open": 116.28086377810278, "m1_open": 116.34091619199725, "band": {"m1": 0.0005532483418110695, "m5": 0.005912144692680751, "h1": 0.009808677247248638, "d1": 0.02203969568886705}, "garch_variance": 1.1544861347401383e-06, "prev_return": 3.224425765108033e-05, "boundary_trend": -1, "trend_ou": 0.065471797708313}, "AMZN": {"p": 46.86767729494002, "d1_open": 46.96789998105076, "h1_open": 46.9213797279267, "m5_open": 46.89411419996188, "m1_open": 46.89422142019143, "band": {"m1": 0.0005660425623352629, "m5": 0.0059378925648108484, "h1": 0.00988796013207729, "d1": 0.022379550261907622}, "garch_variance": 1.2495753124309751e-06, "prev_return": -2.271400499183638e-05, "boundary_trend": 1, "trend_ou": 0.05747027920628088}, "MSFT": {"p": 168.24772373966175, "d1_open": 167.62666310367777, "h1_open": 167.82975859843555, "m5_open": 168.58170731419355, "m1_open": 168.33983347585604, "band": {"m1": 0.0005471654230162904, "m5": 0.005899903054746687, "h1": 0.00977098277814702, "d1": 0.02187811431187493}, "garch_variance": 1.2032845445772612e-06, "prev_return": -0.0010943309552429855, "boundary_trend": 1, "trend_ou": 0.09825238110681996}, "NVDA": {"p": 89.25509332379079, "d1_open": 90.12941982896956, "h1_open": 89.31770008616805, "m5_open": 89.19960372003932, "m1_open": 89.20240831303497, "band": {"m1": 0.0005906231877837783, "m5": 0.005987360119299956, "h1": 0.010040280696879627, "d1": 0.023032488668829596}, "garch_variance": 1.3659984135640843e-06, "prev_return": 0.001181246512921226, "boundary_trend": -1, "trend_ou": 0.0008519723925277668}}