{"AAPL": {"p": 59.62185141936935, "d1_open": 60.64587781624768, "h1_open": 59.45028971705123, "m5_open": 59.55598186060402, "m1_open": 59.58753426529176, "band": {"m1": 0.0005759116315303353, "m5": 0.005957753683446196, "h1": 0.009949116517093423, "d1": 0.022641703653062385}, "garch_variance": 1.24072018589389e-06, "prev_return": 0.0, "boundary_trend": -1, "trend_ou": 0.14491740295962305}, "GOOG": {"p": 116.41307508027353, "d1_open": 115.96066030903073, "h1_open": 116.54179725422264, "m5_open": 116.55181862898172, "m1_open": 116.34581370142688, "band": {"m1": 0.000578116020738596, "m5": 0.00596218993115288, "h1": 0.009962776617400868, "d1": 0.022700259135342217}, "garch_variance": 1.1555134151727526e-06, "prev_return": 0.0006291316017445141, "boundary_trend": -1, "trend_ou": 0.0680602833507136}, "AMZN": {"p": 46.78603930382302, "d1_open": 46.96789998105076, "h1_open": 46.9213797279267, "m5_open": 46.731353078561675, "m1_open": 46.81323868933604, "band": {"m1": 0.0005810190936269266, "m5": 0.00596803225264263, "h1": 0.009980766302119796, "d1": 0.022777373844683327}, "garch_variance": 1.2816712911523523e-06, "prev_return": 0.0, "boundary_trend": 1, "trend_ou": 0.05729070634285718}, "MSFT": {"p": 168.43708577743024, "d1_open": 167.62666310367777, "h1_open": 167.82975859843555, "m5_open": 168.14312932013704, "m1_open": 168.34162380951105, "band": {"m1": 0.0005670728709805376, "m5": 0.005939966020962624, "h1": 0.009894344721236653, "d1": 0.02240691848680868}, "garch_variance": 1.1925991089236936e-06, "prev_return": 0.0, "boundary_trend": -1, "trend_ou": 0.09479393602137426}, "NVDA": {"p": 89.26652529723758, "d1_open": 90.12941982896956, "h1_open": 89.31770008616805, "m5_open": 89.18146253398177, "m1_open": 89.21495454693488, "band": {"m1": 0.000586844310817037, "m5": 0.005979755276101338, "h1": 0.010016863852784339, "d1": 0.02293210985984501}, "garch_variance": 1.3420767828119483e-06, "prev_return": -8.7886782065183e-06, "boundary_trend": -1, "trend_ou": 0.0027911313805224296}}