{"AAPL": {"p": 59.91819002282085, "d1_open": 60.64587781624768, "h1_open": 59.45028971705123, "m5_open": 59.8862394852233, "m1_open": 59.8862394852233, "band": {"m1": 0.0005335205194415541, "m5": 0.0058724432160011004, "h1": 0.009686428403258125, "d1": 0.021515662932378787}, "garch_variance": 1.1436793112221928e-06, "prev_return": 0.0, "boundary_trend": -1, "trend_ou": 0.14173500653250656}, "GOOG": {"p": 116.45026747981164, "d1_open": 115.96066030903073, "h1_open": 116.54179725422264, "m5_open": 116.38912355102275, "m1_open": 116.38912355102275, "band": {"m1": 0.0005253405724126231, "m5": 0.005855981390152968, "h1": 0.009635739125472671, "d1": 0.021298377916870816}, "garch_variance": 1.046597131084229e-06, "prev_return": 0.0, "boundary_trend": -1, "trend_ou": 0.08038217382068773}, "AMZN": {"p": 46.92197057788295, "d1_open": 46.96789998105076, "h1_open": 46.9213797279267, "m5_open": 46.93623521737276, "m1_open": 46.93623521737276, "band": {"m1": 0.0005175846868227513, "m5": 0.0058403729714887696, "h1": 0.009587677660313208, "d1": 0.021092357301491158}, "garch_variance": 9.719333048116391e-07, "prev_return": 0.00021375719942150618, "boundary_trend": 1, "trend_ou": 0.05995302340910684}, "MSFT": {"p": 168.52463600987716, "d1_open": 167.62666310367777, "h1_open": 167.82975859843555, "m5_open": 168.4329823778873, "m1_open": 168.4329823778873, "band": {"m1": 0.0005441548958876042, "m5": 0.005893844485769622, "h1": 0.00975232722385469, "d1": 0.02179814528132618}, "garch_variance": 1.108995173682934e-06, "prev_return": 0.0, "boundary_trend": -1, "trend_ou": 0.09714362226327543}, "NVDA": {"p": 89.30780038403103, "d1_open": 90.12941982896956, "h1_open": 89.31770008616805, "m5_open": 89.35769526360833, "m1_open": 89.35769526360833, "band": {"m1": 0.00055837249864287, "m5": 0.005922456859383698, "h1": 0.009840430485765307, "d1": 0.022175809344948828}, "garch_variance": 1.2560724534289782e-06, "prev_return": -0.0011167451133452704, "boundary_trend": 1, "trend_ou": 0.02124606167962303}}