{"AAPL": {"p": 59.62197310519808, "d1_open": 60.64587781624768, "h1_open": 59.45028971705123, "m5_open": 59.655987320050684, "m1_open": 59.655987320050684, "band": {"m1": 0.0005701726914705554, "m5": 0.005946204289362978, "h1": 0.009913553606251168, "d1": 0.022489259428732047}, "garch_variance": 1.2052150322697277e-06, "prev_return": 0.0, "boundary_trend": 1, "trend_ou": 0.13849294858493175}, "GOOG": {"p": 116.28059613680963, "d1_open": 115.96066030903073, "h1_open": 116.54179725422264, "m5_open": 116.34645087729514, "m1_open": 116.34645087729514, "band": {"m1": 0.0005660227706899217, "m5": 0.005937852734892916, "h1": 0.009887837487736808, "d1": 0.022379024533813092}, "garch_variance": 1.1037281757279388e-06, "prev_return": 0.0, "boundary_trend": 1, "trend_ou": 0.07116727637085214}, "AMZN": {"p": 46.786087468445515, "d1_open": 46.96789998105076, "h1_open": 46.9213797279267, "m5_open": 46.81308181015613, "m1_open": 46.81308181015613, "band": {"m1": 0.0005766409872368281, "m5": 0.005959221483491741, "h1": 0.009953636169100956, "d1": 0.022661077625220835}, "garch_variance": 1.2607074671255393e-06, "prev_return": -0.0011532821023015896, "boundary_trend": 1, "trend_ou": 0.0481585134960125}, "MSFT": {"p": 168.2469322183382, "d1_open": 167.62666310367777, "h1_open": 167.82975859843555, "m5_open": 168.34211702501537, "m1_open": 168.34211702501537, "band": {"m1": 0.0005654247930303516, "m5": 0.005936649328066672, "h1": 0.009884131955709738, "d1": 0.02236314037410233}, "garch_variance": 1.2641392011951773e-06, "prev_return": 0.0, "boundary_trend": 1, "trend_ou": 0.09776429546841263}, "NVDA": {"p": 89.26657456106192, "d1_open": 90.12941982896956, "h1_open": 89.31770008616805, "m5_open": 89.31871586860353, "m1_open": 89.31871586860353, "band": {"m1": 0.0005837668738802324, "m5": 0.0059735620537328905, "h1": 0.009997793673575941, "d1": 0.022850363495208005}, "garch_variance": 1.3093510064150754e-06, "prev_return": -0.0010560087592483998, "boundary_trend": 1, "trend_ou": 0.003997117129910137}}