{"AAPL": {"p": 60.4066565065004, "d1_open": 60.64587781624768, "h1_open": 60.34576209807594, "m5_open": 60.34623991845419, "m1_open": 60.436775064650476, "band": {"m1": 0.0004983482013701207, "m5": 0.0058016602912805285, "h1": 0.00946847351983705, "d1": 0.020581375992552296}, "garch_variance": 1.1270677438657204e-06, "prev_return": -0.0007748484712712109, "boundary_trend": 1, "trend_ou": 0.1144096029154121}, "GOOG": {"p": 116.84044463682537, "d1_open": 115.96066030903073, "h1_open": 116.90937729849402, "m5_open": 116.90956551134133, "m1_open": 116.89849547065235, "band": {"m1": 0.0004965917960985322, "m5": 0.005798125593855548, "h1": 0.009457589474451364, "d1": 0.020534720366870905}, "garch_variance": 1.1205736381240863e-06, "prev_return": 0.0, "boundary_trend": 1, "trend_ou": 0.0733692674012349}, "AMZN": {"p": 46.93528921608984, "d1_open": 46.96789998105076, "h1_open": 46.998622621007485, "m5_open": 46.950708370044566, "m1_open": 46.927559424121554, "band": {"m1": 0.0004988715139762356, "m5": 0.005802713437585208, "h1": 0.009471716369450399, "d1": 0.02059527681456655}, "garch_variance": 1.2238140836204967e-06, "prev_return": -0.0003340431471946916, "boundary_trend": -1, "trend_ou": 0.0566675078823413}, "MSFT": {"p": 167.72036643656625, "d1_open": 167.62666310367777, "h1_open": 168.18314018534795, "m5_open": 167.71710903033275, "m1_open": 167.63446314052416, "band": {"m1": 0.000512444126540319, "m5": 0.005830027793478211, "h1": 0.009555822773330752, "d1": 0.02095580791837933}, "garch_variance": 1.2743242504910266e-06, "prev_return": 0.0, "boundary_trend": -1, "trend_ou": 0.09040714334870299}, "NVDA": {"p": 89.63064253296213, "d1_open": 90.12941982896956, "h1_open": 89.81824119997734, "m5_open": 89.71985555230542, "m1_open": 89.58688787789222, "band": {"m1": 0.0004884046773622867, "m5": 0.005781649335224852, "h1": 0.009406855755221122, "d1": 0.020317244848352393}, "garch_variance": 1.0005096862473088e-06, "prev_return": 0.0009768094323939957, "boundary_trend": -1, "trend_ou": 0.030643221520505564}}