{"AAPL": {"p": 60.26777925397724, "d1_open": 60.64587781624768, "h1_open": 60.01860933966563, "m5_open": 60.25160163332547, "m1_open": 60.23737295071648, "band": {"m1": 0.0005047747232543701, "m5": 0.005814593417093393, "h1": 0.009508297219407826, "d1": 0.020752084543884313}, "garch_variance": 1.103527281146056e-06, "prev_return": 0.0, "boundary_trend": -1, "trend_ou": 0.13990245461700115}, "GOOG": {"p": 116.61822695946076, "d1_open": 115.96066030903073, "h1_open": 116.59098795459168, "m5_open": 116.84828908718391, "m1_open": 116.68008408078947, "band": {"m1": 0.000530142927270134, "m5": 0.0058656459428750906, "h1": 0.00966549823008982, "d1": 0.021425943504520522}, "garch_variance": 1.2618671233341054e-06, "prev_return": 0.0, "boundary_trend": 1, "trend_ou": 0.09431151558414501}, "AMZN": {"p": 46.813084171133156, "d1_open": 46.96789998105076, "h1_open": 46.82840694605855, "m5_open": 46.828635208238104, "m1_open": 46.83820046336522, "band": {"m1": 0.0005362352093715747, "m5": 0.005877906424100326, "h1": 0.009703250721480663, "d1": 0.02158777360026669}, "garch_variance": 1.2809856927219337e-06, "prev_return": 0.0, "boundary_trend": 1, "trend_ou": 0.06283482257747722}, "MSFT": {"p": 168.82136803963562, "d1_open": 167.62666310367777, "h1_open": 168.69620816167418, "m5_open": 168.73470488840513, "m1_open": 168.73556399446625, "band": {"m1": 0.0005085119173346224, "m5": 0.0058221143751010914, "h1": 0.009531455764102805, "d1": 0.020851356124838554}, "garch_variance": 1.0480424261868063e-06, "prev_return": 0.0010170239223314017, "boundary_trend": -1, "trend_ou": 0.08752487331071199}, "NVDA": {"p": 89.71575681951947, "d1_open": 90.12941982896956, "h1_open": 89.72055995998423, "m5_open": 89.77009347640698, "m1_open": 89.67659864713549, "band": {"m1": 0.0005242770272983559, "m5": 0.005853841046897592, "h1": 0.009629148577447875, "d1": 0.02127012682724522}, "garch_variance": 1.2203906028413676e-06, "prev_return": -8.757507497832027e-05, "boundary_trend": -1, "trend_ou": 0.019521678962672134}}