{"AAPL": {"p": 60.01864383533868, "d1_open": 60.64587781624768, "h1_open": 60.01860933966563, "m5_open": 60.01860933966563, "m1_open": 60.04966514338391, "band": {"m1": 0.0005165941886797065, "m5": 0.0058383796324272775, "h1": 0.00958153976781327, "d1": 0.021066046568229576}, "garch_variance": 1.160976909230119e-06, "prev_return": 0.0, "boundary_trend": 1, "trend_ou": 0.1394034479738925}, "GOOG": {"p": 116.70806140923165, "d1_open": 115.96066030903073, "h1_open": 116.59098795459168, "m5_open": 116.59098795459168, "m1_open": 116.76573179643383, "band": {"m1": 0.0004938982209499292, "m5": 0.005792704878434246, "h1": 0.009440897999743689, "d1": 0.020463170573716247}, "garch_variance": 9.597488350510902e-07, "prev_return": 0.0, "boundary_trend": 1, "trend_ou": 0.08201850632563683}, "AMZN": {"p": 46.8287841909034, "d1_open": 46.96789998105076, "h1_open": 46.82840694605855, "m5_open": 46.82840694605855, "m1_open": 46.802865513312916, "band": {"m1": 0.0005537839896385685, "m5": 0.00591322266313961, "h1": 0.009811996535433177, "d1": 0.022053924172999447}, "garch_variance": 1.4432144266242214e-06, "prev_return": 0.001107568092499038, "boundary_trend": -1, "trend_ou": 0.05692774174721733}, "MSFT": {"p": 169.02590226210728, "d1_open": 167.62666310367777, "h1_open": 168.69620816167418, "m5_open": 168.69620816167418, "m1_open": 168.9438085204479, "band": {"m1": 0.0004859233515470605, "m5": 0.005776655763347399, "h1": 0.009391479541526906, "d1": 0.020251333062330453}, "garch_variance": 9.700433355814818e-07, "prev_return": 0.0, "boundary_trend": -1, "trend_ou": 0.09639399518159089}, "NVDA": {"p": 89.62694607933432, "d1_open": 90.12941982896956, "h1_open": 89.72055995998423, "m5_open": 89.72055995998423, "m1_open": 89.67377467096915, "band": {"m1": 0.0005222105549438844, "m5": 0.005849682351505192, "h1": 0.009616343116625051, "d1": 0.021215234848605255}, "garch_variance": 1.1372482932153175e-06, "prev_return": -0.0010444212048269265, "boundary_trend": 1, "trend_ou": 0.014172300273138911}}