{"AAPL": {"p": 60.46517152250016, "d1_open": 60.64587781624768, "h1_open": 60.01860933966563, "m5_open": 60.48228132987196, "m1_open": 60.435291190992274, "band": {"m1": 0.0004944185908438022, "m5": 0.0057937521026447765, "h1": 0.00944412261403623, "d1": 0.020476993228075765}, "garch_variance": 1.137342185560763e-06, "prev_return": 0.0, "boundary_trend": -1, "trend_ou": 0.10377167772136674}, "GOOG": {"p": 116.73090151570756, "d1_open": 115.96066030903073, "h1_open": 116.59098795459168, "m5_open": 116.76476419220693, "m1_open": 116.76514190809233, "band": {"m1": 0.0005070664566128576, "m5": 0.005819205441511686, "h1": 0.00952249857161802, "d1": 0.02081296016038622}, "garch_variance": 1.186365160628279e-06, "prev_return": -0.0008002225057268935, "boundary_trend": 0, "trend_ou": 0.07279330256968293}, "AMZN": {"p": 46.89383323090911, "d1_open": 46.96789998105076, "h1_open": 46.82840694605855, "m5_open": 46.831993979793495, "m1_open": 46.87088853451493, "band": {"m1": 0.0004895297936860896, "m5": 0.005783913588149208, "h1": 0.009413827846076537, "d1": 0.020347131462165557}, "garch_variance": 1.07630558998333e-06, "prev_return": 0.0009790596655790556, "boundary_trend": -1, "trend_ou": 0.06005434577922365}, "MSFT": {"p": 168.1727590183512, "d1_open": 167.62666310367777, "h1_open": 168.69620816167418, "m5_open": 168.25594282376633, "m1_open": 168.2558368325591, "band": {"m1": 0.000493758883922672, "m5": 0.005792424468075989, "h1": 0.009440034559765964, "d1": 0.020459469345820595}, "garch_variance": 9.962081954577693e-07, "prev_return": -0.0009875178480968337, "boundary_trend": 1, "trend_ou": 0.10871937601508315}, "NVDA": {"p": 89.81711137604975, "d1_open": 90.12941982896956, "h1_open": 89.72055995998423, "m5_open": 89.88451650165352, "m1_open": 89.86295630129455, "band": {"m1": 0.00051016489031464, "m5": 0.005825440919054552, "h1": 0.00954169886302015, "d1": 0.020895264264870157}, "garch_variance": 1.2247022717759548e-06, "prev_return": -0.001020329869149096, "boundary_trend": 1, "trend_ou": 0.03601118225948897}}