{"AAPL": {"p": 60.48228132987196, "d1_open": 60.64587781624768, "h1_open": 60.01860933966563, "m5_open": 60.4520660535103, "m1_open": 60.452132438421906, "band": {"m1": 0.0004987233739151664, "m5": 0.00580241531146314, "h1": 0.009470798379067315, "d1": 0.020591341750518705}, "garch_variance": 1.0943890623703113e-06, "prev_return": 0.0, "boundary_trend": -1, "trend_ou": 0.11473922478336807}, "GOOG": {"p": 116.76476419220693, "d1_open": 115.96066030903073, "h1_open": 116.59098795459168, "m5_open": 116.58833929644231, "m1_open": 116.70579285683357, "band": {"m1": 0.0005052991280878394, "m5": 0.005815648761463223, "h1": 0.009511546837306543, "d1": 0.020766014378878338}, "garch_variance": 1.1924325890423535e-06, "prev_return": 0.0, "boundary_trend": -1, "trend_ou": 0.07811964890533371}, "AMZN": {"p": 46.831993979793495, "d1_open": 46.96789998105076, "h1_open": 46.82840694605855, "m5_open": 46.76267786385328, "m1_open": 46.8548335350712, "band": {"m1": 0.000487453557179176, "m5": 0.005779735242779065, "h1": 0.009400961879014035, "d1": 0.020291980117052032}, "garch_variance": 1.0548221723804974e-06, "prev_return": -0.0009749071915745874, "boundary_trend": 1, "trend_ou": 0.06632225733747679}, "MSFT": {"p": 168.25594282376633, "d1_open": 167.62666310367777, "h1_open": 168.69620816167418, "m5_open": 168.5199691396183, "m1_open": 168.3430247068747, "band": {"m1": 0.0005172883358843324, "m5": 0.0058397765767296194, "h1": 0.009585841240714602, "d1": 0.021084485292293252}, "garch_variance": 1.1419651536561549e-06, "prev_return": 0.0, "boundary_trend": 1, "trend_ou": 0.11431415312303667}, "NVDA": {"p": 89.88451650165352, "d1_open": 90.12941982896956, "h1_open": 89.72055995998423, "m5_open": 89.92989838153062, "m1_open": 89.83883451748449, "band": {"m1": 0.0005084881656622965, "m5": 0.005822066575782581, "h1": 0.009531308580372625, "d1": 0.02085072520602314}, "garch_variance": 1.2217505131856906e-06, "prev_return": 0.0010169764189745369, "boundary_trend": -1, "trend_ou": 0.032542535683163655}}