{"AAPL": {"p": 59.7249109543549, "d1_open": 60.64587781624768, "h1_open": 59.45028971705123, "m5_open": 59.635565183466795, "m1_open": 59.75756413285698, "band": {"m1": 0.0005464275355917717, "m5": 0.005898418084949818, "h1": 0.009766410257016562, "d1": 0.021858513710561422}, "garch_variance": 1.1397268002036764e-06, "prev_return": -0.0007853021990018382, "boundary_trend": 1, "trend_ou": 0.13863491015335846}, "GOOG": {"p": 116.32718278656239, "d1_open": 115.96066030903073, "h1_open": 116.54179725422264, "m5_open": 116.40528161096526, "m1_open": 116.38947567357337, "band": {"m1": 0.0005352106507095234, "m5": 0.005875844539566571, "h1": 0.009696901763664124, "d1": 0.021560558112930985}, "garch_variance": 1.0409931915545015e-06, "prev_return": 0.0, "boundary_trend": 1, "trend_ou": 0.07501327824092353}, "AMZN": {"p": 46.861483199341926, "d1_open": 46.96789998105076, "h1_open": 46.9213797279267, "m5_open": 46.86767729494002, "m1_open": 46.86621947085135, "band": {"m1": 0.0005439804946198643, "m5": 0.005893493509988597, "h1": 0.009751246498725866, "d1": 0.02179351263736999}, "garch_variance": 1.0745507989774429e-06, "prev_return": -0.0006448970868160653, "boundary_trend": 0, "trend_ou": 0.058246905489930084}, "MSFT": {"p": 168.5269736363333, "d1_open": 167.62666310367777, "h1_open": 167.82975859843555, "m5_open": 168.24772373966175, "m1_open": 168.4332508639187, "band": {"m1": 0.0005564386600265933, "m5": 0.0059185650842405405, "h1": 0.00982844692615716, "d1": 0.02212444053385}, "garch_variance": 1.2366331448253947e-06, "prev_return": 0.0, "boundary_trend": -1, "trend_ou": 0.09353441947494714}, "NVDA": {"p": 89.30749152567925, "d1_open": 90.12941982896956, "h1_open": 89.31770008616805, "m5_open": 89.25509332379079, "m1_open": 89.25679732501037, "band": {"m1": 0.0005679589923474268, "m5": 0.005941749305814035, "h1": 0.009899835814511341, "d1": 0.022430456645951457}, "garch_variance": 1.1646445521669028e-06, "prev_return": 0.0011359181068354733, "boundary_trend": -1, "trend_ou": 0.015883560890320867}}