{"AAPL": {"p": 60.2463716107673, "d1_open": 60.64587781624768, "h1_open": 60.01860933966563, "m5_open": 60.26777925397724, "m1_open": 60.215466257716066, "band": {"m1": 0.0005132460972561537, "m5": 0.005831641728411124, "h1": 0.009560792404093271, "d1": 0.020977110772641194}, "garch_variance": 1.2159781555829096e-06, "prev_return": 0.0, "boundary_trend": -1, "trend_ou": 0.136246861673987}, "GOOG": {"p": 116.88485868151558, "d1_open": 115.96066030903073, "h1_open": 116.59098795459168, "m5_open": 116.61822695946076, "m1_open": 116.82448785459074, "band": {"m1": 0.0005167651751229602, "m5": 0.005838723736006589, "h1": 0.009582599332048709, "d1": 0.021070588503750994}, "garch_variance": 1.1472576357011065e-06, "prev_return": 0.0010335304422461734, "boundary_trend": -1, "trend_ou": 0.09390540158614576}, "AMZN": {"p": 46.83722647914959, "d1_open": 46.96789998105076, "h1_open": 46.82840694605855, "m5_open": 46.813084171133156, "m1_open": 46.81299737780611, "band": {"m1": 0.000517572099644352, "m5": 0.00584034764028088, "h1": 0.009587599660421503, "d1": 0.021092022946605487}, "garch_variance": 1.1345886983311977e-06, "prev_return": 0.0, "boundary_trend": -1, "trend_ou": 0.05716102476494903}, "MSFT": {"p": 168.73593216259113, "d1_open": 167.62666310367777, "h1_open": 168.69620816167418, "m5_open": 168.82136803963562, "m1_open": 168.65167013096695, "band": {"m1": 0.0004996216850905163, "m5": 0.005804223127830868, "h1": 0.009476365009822263, "d1": 0.02061520370915689}, "garch_variance": 1.0567099611944347e-06, "prev_return": 0.0, "boundary_trend": -1, "trend_ou": 0.09036810073023771}, "NVDA": {"p": 89.85508776836274, "d1_open": 90.12941982896956, "h1_open": 89.72055995998423, "m5_open": 89.71575681951947, "m1_open": 89.80959440183922, "band": {"m1": 0.000506553523891571, "m5": 0.005818173184322274, "h1": 0.009519320043798392, "d1": 0.02079933506062639}, "garch_variance": 1.0381477240642256e-06, "prev_return": 0.0, "boundary_trend": -1, "trend_ou": 0.024811955817821762}}