{"AAPL": {"p": 60.19511177094733, "d1_open": 60.64587781624768, "h1_open": 60.01860933966563, "m5_open": 60.16500638409929, "m1_open": 60.16480523642207, "band": {"m1": 0.0005037252993036262, "m5": 0.005812481492131421, "h1": 0.009501794177032879, "d1": 0.020724208556594254}, "garch_variance": 1.070037189368516e-06, "prev_return": 0.0009640009561821118, "boundary_trend": -1, "trend_ou": 0.13570545227063233}, "GOOG": {"p": 116.72681201714605, "d1_open": 115.96066030903073, "h1_open": 116.59098795459168, "m5_open": 116.66630908585559, "m1_open": 116.66618038740019, "band": {"m1": 0.0005197018497093552, "m5": 0.0058446336796092666, "h1": 0.00960079723887485, "d1": 0.02114859577944482}, "garch_variance": 1.2656909790799332e-06, "prev_return": 0.0, "boundary_trend": -1, "trend_ou": 0.09331775949983358}, "AMZN": {"p": 46.8285098548765, "d1_open": 46.96789998105076, "h1_open": 46.82840694605855, "m5_open": 46.829278464686965, "m1_open": 46.85375229342459, "band": {"m1": 0.0005387495624685018, "m5": 0.005882966462100075, "h1": 0.009718831597754078, "d1": 0.02165456269434347}, "garch_variance": 1.2150778176538683e-06, "prev_return": -0.0010774992291854688, "boundary_trend": 1, "trend_ou": 0.061904565578823074}, "MSFT": {"p": 168.91058683907323, "d1_open": 167.62666310367777, "h1_open": 168.69620816167418, "m5_open": 168.8620695555655, "m1_open": 168.99765496110905, "band": {"m1": 0.000515203137320772, "m5": 0.0058355801955683835, "h1": 0.009572919737818274, "d1": 0.021029095886882933}, "garch_variance": 1.2139287945663203e-06, "prev_return": -0.0010304063658099487, "boundary_trend": 1, "trend_ou": 0.08866156794076586}, "NVDA": {"p": 89.76984266137491, "d1_open": 90.12941982896956, "h1_open": 89.72055995998423, "m5_open": 89.72212273680886, "m1_open": 89.7223212528307, "band": {"m1": 0.000529649789268133, "m5": 0.005864653521789804, "h1": 0.00966244236565921, "d1": 0.02141284421450882}, "garch_variance": 1.2399899251429086e-06, "prev_return": 0.0, "boundary_trend": -1, "trend_ou": 0.01917640590658943}}