{"AAPL": {"p": 59.789963806597505, "d1_open": 60.64587781624768, "h1_open": 59.45028971705123, "m5_open": 59.7249109543549, "m1_open": 59.7574988696473, "band": {"m1": 0.0005432780414892421, "m5": 0.005892079850332626, "h1": 0.00974689355588364, "d1": 0.021774853281894824}, "garch_variance": 1.135727905898479e-06, "prev_return": 0.0, "boundary_trend": -1, "trend_ou": 0.13967361315009555}, "GOOG": {"p": 116.32712603496073, "d1_open": 115.96066030903073, "h1_open": 116.54179725422264, "m5_open": 116.32718278656239, "m1_open": 116.26548406598684, "band": {"m1": 0.0005301828781695657, "m5": 0.005865726342509294, "h1": 0.009665745796758884, "d1": 0.021427004725549446}, "garch_variance": 1.112291573680066e-06, "prev_return": 0.0010603658556932517, "boundary_trend": -1, "trend_ou": 0.07924463569877908}, "AMZN": {"p": 46.91196709495991, "d1_open": 46.96789998105076, "h1_open": 46.9213797279267, "m5_open": 46.861483199341926, "m1_open": 46.886814595738215, "band": {"m1": 0.0005364514403155592, "m5": 0.005878341580480955, "h1": 0.009704590655632643, "d1": 0.021593517371448923}, "garch_variance": 1.0644506317534946e-06, "prev_return": 0.0, "boundary_trend": -1, "trend_ou": 0.05426691676554562}, "MSFT": {"p": 168.52722027058456, "d1_open": 167.62666310367777, "h1_open": 167.82975859843555, "m5_open": 168.5269736363333, "m1_open": 168.43359869608577, "band": {"m1": 0.0005558366930563247, "m5": 0.0059173536490813835, "h1": 0.009824716673275852, "d1": 0.022108450405551188}, "garch_variance": 1.293003123590841e-06, "prev_return": 0.0, "boundary_trend": -1, "trend_ou": 0.1024099564893966}, "NVDA": {"p": 89.30766885300604, "d1_open": 90.12941982896956, "h1_open": 89.31770008616805, "m5_open": 89.30749152567925, "m1_open": 89.35784365552826, "band": {"m1": 0.0005615041776930586, "m5": 0.005928759241899639, "h1": 0.009859836791056583, "d1": 0.022258996550022354}, "garch_variance": 1.2343197435997731e-06, "prev_return": -0.0011230084734092452, "boundary_trend": 1, "trend_ou": 0.017165303120020764}}