{"AAPL": {"p": 60.02056722951875, "d1_open": 60.64587781624768, "h1_open": 59.45028971705123, "m5_open": 59.98182120320262, "m1_open": 60.01310084488772, "band": {"m1": 0.0005183645398918762, "m5": 0.005841942395516293, "h1": 0.009592510233031945, "d1": 0.021113072641776302}, "garch_variance": 1.0287449519325177e-06, "prev_return": 0.0003456082975464243, "boundary_trend": -1, "trend_ou": 0.1434086381804665}, "GOOG": {"p": 116.22653719743086, "d1_open": 115.96066030903073, "h1_open": 116.54179725422264, "m5_open": 116.2067769083382, "m1_open": 116.21796713482013, "band": {"m1": 0.0005231049227774954, "m5": 0.005851482232050752, "h1": 0.009621885311384984, "d1": 0.021238992059734944}, "garch_variance": 1.0921470898967035e-06, "prev_return": -0.000449229581628538, "boundary_trend": -1, "trend_ou": 0.06699906017424219}, "AMZN": {"p": 46.95555627280742, "d1_open": 46.96789998105076, "h1_open": 46.9213797279267, "m5_open": 46.97007575922713, "m1_open": 46.979362400747114, "band": {"m1": 0.0005067358670519231, "m5": 0.005818540142853876, "h1": 0.009520449983035733, "d1": 0.0208041786661271}, "garch_variance": 9.862114959313323e-07, "prev_return": -0.0010134718208507048, "boundary_trend": 1, "trend_ou": 0.07473634565357318}, "MSFT": {"p": 168.16799032386035, "d1_open": 167.62666310367777, "h1_open": 167.82975859843555, "m5_open": 168.34487337474908, "m1_open": 168.2561389749956, "band": {"m1": 0.0005238956015052325, "m5": 0.005853073442295977, "h1": 0.009626784968256547, "d1": 0.02125999496342253}, "garch_variance": 1.0552792547233672e-06, "prev_return": 0.0, "boundary_trend": 1, "trend_ou": 0.09796066510064465}, "NVDA": {"p": 89.38971395567036, "d1_open": 90.12941982896956, "h1_open": 89.31770008616805, "m5_open": 89.40763452779281, "m1_open": 89.37191450753427, "band": {"m1": 0.0005543755563353455, "m5": 0.005914413168152105, "h1": 0.009815662340176836, "d1": 0.022069638037457068}, "garch_variance": 1.22602550430647e-06, "prev_return": -0.0003550802368900578, "boundary_trend": -1, "trend_ou": 0.01567335581294228}}