{"AAPL": {"p": 60.237318332993375, "d1_open": 60.64587781624768, "h1_open": 60.01860933966563, "m5_open": 60.26777925397724, "m1_open": 60.26787629625178, "band": {"m1": 0.0005070356736678107, "m5": 0.005819143492029781, "h1": 0.009522307816684396, "d1": 0.020812142468942956}, "garch_variance": 1.1855075506150605e-06, "prev_return": -0.001014071434236669, "boundary_trend": 1, "trend_ou": 0.1392827194669537}, "GOOG": {"p": 116.80194354124562, "d1_open": 115.96066030903073, "h1_open": 116.59098795459168, "m5_open": 116.61822695946076, "m1_open": 116.74110782242646, "band": {"m1": 0.000521116511175265, "m5": 0.005847480630891898, "h1": 0.009609563575351632, "d1": 0.021186173619187735}, "garch_variance": 1.1253671122727395e-06, "prev_return": 0.0010422331166944486, "boundary_trend": -1, "trend_ou": 0.09192995377980691}, "AMZN": {"p": 46.78864500134697, "d1_open": 46.96789998105076, "h1_open": 46.82840694605855, "m5_open": 46.813084171133156, "m1_open": 46.8132451018099, "band": {"m1": 0.0005254944494752368, "m5": 0.005856291061767932, "h1": 0.009636692666754057, "d1": 0.02130246537364995}, "garch_variance": 1.1383958819906014e-06, "prev_return": 0.0, "boundary_trend": 1, "trend_ou": 0.05419516499121553}, "MSFT": {"p": 168.73630543174772, "d1_open": 167.62666310367777, "h1_open": 168.69620816167418, "m5_open": 168.82136803963562, "m1_open": 168.82141898259906, "band": {"m1": 0.0005041632238627296, "m5": 0.005813362798306276, "h1": 0.009504507896271762, "d1": 0.020735841204615028}, "garch_variance": 1.0818880927449466e-06, "prev_return": 0.0, "boundary_trend": 1, "trend_ou": 0.08295814214274544}, "NVDA": {"p": 89.85552064409994, "d1_open": 90.12941982896956, "h1_open": 89.72055995998423, "m5_open": 89.71575681951947, "m1_open": 89.8092307301602, "band": {"m1": 0.0005154249019104556, "m5": 0.005836026488196165, "h1": 0.009574293962718472, "d1": 0.021034986649028222}, "garch_variance": 1.0978147263226054e-06, "prev_return": 0.0, "boundary_trend": -1, "trend_ou": 0.020604206817911478}}