{"AAPL": {"p": 59.957106467575876, "d1_open": 60.64587781624768, "h1_open": 59.45028971705123, "m5_open": 59.98773416707639, "m1_open": 59.9266869974478, "band": {"m1": 0.0005076114107454946, "m5": 0.005820302140548363, "h1": 0.00952587552886626, "d1": 0.020827435849133633}, "garch_variance": 1.1292391926672292e-06, "prev_return": 0.0, "boundary_trend": -1, "trend_ou": 0.14716793110673093}, "GOOG": {"p": 116.54899474291155, "d1_open": 115.96066030903073, "h1_open": 116.54179725422264, "m5_open": 116.28723198350141, "m1_open": 116.48826065373854, "band": {"m1": 0.000521375191217984, "m5": 0.005848001214435846, "h1": 0.009611166556947548, "d1": 0.021193044971397602}, "garch_variance": 1.0972950366972016e-06, "prev_return": 0.0, "boundary_trend": -1, "trend_ou": 0.07656047446427135}, "AMZN": {"p": 46.802704404040156, "d1_open": 46.96789998105076, "h1_open": 46.9213797279267, "m5_open": 46.88369733097684, "m1_open": 46.786485965686126, "band": {"m1": 0.0005238606020743038, "m5": 0.005853003007299918, "h1": 0.009626568084715565, "d1": 0.02125906526890675}, "garch_variance": 1.2210982193384575e-06, "prev_return": 0.0008705857230922203, "boundary_trend": 0, "trend_ou": 0.05685240578741896}, "MSFT": {"p": 168.58619849429923, "d1_open": 167.62666310367777, "h1_open": 167.82975859843555, "m5_open": 168.34029677197125, "m1_open": 168.51057886574625, "band": {"m1": 0.0005010902227055334, "m5": 0.005807178502772093, "h1": 0.009485465204584247, "d1": 0.020654212668178813}, "garch_variance": 1.0548731059480946e-06, "prev_return": 0.0003055687715804866, "boundary_trend": 0, "trend_ou": 0.08921531577722898}, "NVDA": {"p": 89.67368377314698, "d1_open": 90.12941982896956, "h1_open": 89.31770008616805, "m5_open": 89.53210748612372, "m1_open": 89.62686701872714, "band": {"m1": 0.0005223517900056323, "m5": 0.005849966581584179, "h1": 0.00961721831829233, "d1": 0.021218986494242274}, "garch_variance": 1.08943956062964e-06, "prev_return": 0.0010447036750274579, "boundary_trend": -1, "trend_ou": 0.005493955605430043}}