{"AAPL": {"p": 60.011062434792, "d1_open": 60.64587781624768, "h1_open": 60.01860933966563, "m5_open": 60.01860933966563, "m1_open": 60.01864383533868, "band": {"m1": 0.0005158058872321203, "m5": 0.00583679320636607, "h1": 0.009576654842408001, "d1": 0.021045106812549258}, "garch_variance": 1.1216596801225047e-06, "prev_return": 0.0003896135570429274, "boundary_trend": 1, "trend_ou": 0.1362398313902071}, "GOOG": {"p": 116.6507747051126, "d1_open": 115.96066030903073, "h1_open": 116.59098795459168, "m5_open": 116.59098795459168, "m1_open": 116.70806140923165, "band": {"m1": 0.0004908547312613449, "m5": 0.005786579973585002, "h1": 0.009422038183938502, "d1": 0.020382325954326475}, "garch_variance": 9.445789748449594e-07, "prev_return": -0.0009817095413664778, "boundary_trend": 1, "trend_ou": 0.08664274256691219}, "AMZN": {"p": 46.85485174220671, "d1_open": 46.96789998105076, "h1_open": 46.82840694605855, "m5_open": 46.82840694605855, "m1_open": 46.8287841909034, "band": {"m1": 0.0005566565896104803, "m5": 0.005919003659068033, "h1": 0.009829797386395625, "d1": 0.022130229426228772}, "garch_variance": 1.4436311202006323e-06, "prev_return": 0.0, "boundary_trend": -1, "trend_ou": 0.058641922466816467}, "MSFT": {"p": 168.94395222538773, "d1_open": 167.62666310367777, "h1_open": 168.69620816167418, "m5_open": 168.69620816167418, "m1_open": 169.02590226210728, "band": {"m1": 0.00048483714994456556, "m5": 0.005774469824788996, "h1": 0.009384748596379567, "d1": 0.020222480145409578}, "garch_variance": 9.536381353117039e-07, "prev_return": -0.0009696743758685698, "boundary_trend": 1, "trend_ou": 0.09132037803019037}, "NVDA": {"p": 89.57995899358836, "d1_open": 90.12941982896956, "h1_open": 89.72055995998423, "m5_open": 89.72055995998423, "m1_open": 89.62694607933432, "band": {"m1": 0.0005242517769640761, "m5": 0.005853790231580078, "h1": 0.009628992106849234, "d1": 0.02126945609927398}, "garch_variance": 1.2316763764005348e-06, "prev_return": -0.0010485036499850164, "boundary_trend": 1, "trend_ou": 0.01590750541339697}}