{"AAPL": {"p": 60.01860933966563, "d1_open": 60.64587781624768, "h1_open": 59.45028971705123, "m5_open": 59.957106467575876, "m1_open": 60.018860563046, "band": {"m1": 0.0005130499633279066, "m5": 0.005831247016494495, "h1": 0.009559577006592906, "d1": 0.02097190084114774}, "garch_variance": 1.0940106914750588e-06, "prev_return": 0.0, "boundary_trend": -1, "trend_ou": 0.14429922034540746}, "GOOG": {"p": 116.59098795459168, "d1_open": 115.96066030903073, "h1_open": 116.54179725422264, "m5_open": 116.54899474291155, "m1_open": 116.53233727207285, "band": {"m1": 0.0005032996324607068, "m5": 0.00581162485413454, "h1": 0.009499156416083022, "d1": 0.02071290151191073}, "garch_variance": 9.750481671968288e-07, "prev_return": 0.0010065993499155572, "boundary_trend": -1, "trend_ou": 0.0782990063388048}, "AMZN": {"p": 46.82840694605855, "d1_open": 46.96789998105076, "h1_open": 46.9213797279267, "m5_open": 46.802704404040156, "m1_open": 46.80310265136206, "band": {"m1": 0.00054065421442218, "m5": 0.005886799500217786, "h1": 0.009730634294229145, "d1": 0.021705156216260974}, "garch_variance": 1.3449792082723971e-06, "prev_return": 0.0010813085342022966, "boundary_trend": -1, "trend_ou": 0.055231380196371964}, "MSFT": {"p": 168.69620816167418, "d1_open": 167.62666310367777, "h1_open": 167.82975859843555, "m5_open": 168.58619849429923, "m1_open": 168.61290295519203, "band": {"m1": 0.0004940618720281032, "m5": 0.005793034219876096, "h1": 0.00944191210838426, "d1": 0.020467517658964256}, "garch_variance": 9.666406511440142e-07, "prev_return": 0.0, "boundary_trend": -1, "trend_ou": 0.09985417865237191}, "NVDA": {"p": 89.72055995998423, "d1_open": 90.12941982896956, "h1_open": 89.31770008616805, "m5_open": 89.67368377314698, "m1_open": 89.67371061340155, "band": {"m1": 0.0005224423776178181, "m5": 0.005850148885637069, "h1": 0.00961777966919372, "d1": 0.021221392784973623}, "garch_variance": 1.1716858797663118e-06, "prev_return": 0.0, "boundary_trend": -1, "trend_ou": 0.0027020096501925964}}