{"AAPL": {"p": 59.950049272039415, "d1_open": 60.64587781624768, "h1_open": 59.45028971705123, "m5_open": 59.8862394852233, "m1_open": 59.91819002282085, "band": {"m1": 0.0005317124767359668, "m5": 0.005868804600244777, "h1": 0.009675224372397371, "d1": 0.021467635654704113}, "garch_variance": 1.1064377938755296e-06, "prev_return": 0.0, "boundary_trend": -1, "trend_ou": 0.14013589404213367}, "GOOG": {"p": 116.38950080645736, "d1_open": 115.96066030903073, "h1_open": 116.54179725422264, "m5_open": 116.38912355102275, "m1_open": 116.45026747981164, "band": {"m1": 0.0005218251075705397, "m5": 0.0058489066536294996, "h1": 0.009613954586612565, "d1": 0.021204996159014906}, "garch_variance": 1.0210054753541217e-06, "prev_return": -0.0008246968268006424, "boundary_trend": 1, "trend_ou": 0.07445234218705754}, "AMZN": {"p": 46.89789651840092, "d1_open": 46.96789998105076, "h1_open": 46.9213797279267, "m5_open": 46.93623521737276, "m1_open": 46.92197057788295, "band": {"m1": 0.0005130658236545243, "m5": 0.005831278934786112, "h1": 0.009559675289442276, "d1": 0.020972322141102725}, "garch_variance": 9.580428366525139e-07, "prev_return": -0.0010261317373473726, "boundary_trend": 1, "trend_ou": 0.06606957626635536}, "MSFT": {"p": 168.43379435130518, "d1_open": 167.62666310367777, "h1_open": 167.82975859843555, "m5_open": 168.4329823778873, "m1_open": 168.52463600987716, "band": {"m1": 0.0005390408234832272, "m5": 0.005883552613585384, "h1": 0.009720636476249168, "d1": 0.021662299499224682}, "garch_variance": 1.0759157528409819e-06, "prev_return": 0.0, "boundary_trend": 1, "trend_ou": 0.09572060267844686}, "NVDA": {"p": 89.25773021011364, "d1_open": 90.12941982896956, "h1_open": 89.31770008616805, "m5_open": 89.35769526360833, "m1_open": 89.30780038403103, "band": {"m1": 0.000560647263756276, "m5": 0.0059270347358674775, "h1": 0.009854526689606515, "d1": 0.022236234231710963}, "garch_variance": 1.3549981167991657e-06, "prev_return": 0.0, "boundary_trend": 1, "trend_ou": 0.021117822087318574}}