{"AAPL": {"p": 60.04966514338391, "d1_open": 60.64587781624768, "h1_open": 60.01860933966563, "m5_open": 60.01860933966563, "m1_open": 60.018716613171506, "band": {"m1": 0.0005156479838093553, "m5": 0.005836475431857605, "h1": 0.009575676350685316, "d1": 0.02104091240303256}, "garch_variance": 1.1845899682739045e-06, "prev_return": 0.0005558437602582667, "boundary_trend": -1, "trend_ou": 0.14175217415994043}, "GOOG": {"p": 116.76573179643383, "d1_open": 115.96066030903073, "h1_open": 116.59098795459168, "m5_open": 116.59098795459168, "m1_open": 116.70774917384527, "band": {"m1": 0.0004968189601719972, "m5": 0.005798582752734831, "h1": 0.009458997158728784, "d1": 0.020540754556218482}, "garch_variance": 9.76987312558057e-07, "prev_return": 0.0, "boundary_trend": -1, "trend_ou": 0.08137256293304429}, "AMZN": {"p": 46.802865513312916, "d1_open": 46.96789998105076, "h1_open": 46.82840694605855, "m5_open": 46.82840694605855, "m1_open": 46.82862383508738, "band": {"m1": 0.0005500550660035179, "m5": 0.005905718349081819, "h1": 0.009788889240812648, "d1": 0.021954872280975653}, "garch_variance": 1.3613469557103781e-06, "prev_return": -0.0011001102429570742, "boundary_trend": 1, "trend_ou": 0.05396143557848044}, "MSFT": {"p": 168.9438085204479, "d1_open": 167.62666310367777, "h1_open": 168.69620816167418, "m5_open": 168.69620816167418, "m1_open": 168.86168445150668, "band": {"m1": 0.00048633927351826844, "m5": 0.005777492790168259, "h1": 0.009394056915715402, "d1": 0.020262381252697016}, "garch_variance": 9.241785378164136e-07, "prev_return": 0.0009726786237245225, "boundary_trend": -1, "trend_ou": 0.09817892557875957}, "NVDA": {"p": 89.67377467096915, "d1_open": 90.12941982896956, "h1_open": 89.72055995998423, "m5_open": 89.72055995998423, "m1_open": 89.62683279876786, "band": {"m1": 0.0005237479751927729, "m5": 0.005852776350073041, "h1": 0.009625870161457158, "d1": 0.021256073546147}, "garch_variance": 1.1786912422901334e-06, "prev_return": 0.0, "boundary_trend": -1, "trend_ou": 0.011875652205063028}}