{"AAPL": {"p": 60.26787629625178, "d1_open": 60.64587781624768, "h1_open": 60.01860933966563, "m5_open": 60.26777925397724, "m1_open": 60.237464515208984, "band": {"m1": 0.000504864892431145, "m5": 0.005814774879061262, "h1": 0.009508855977359811, "d1": 0.020754479719660462}, "garch_variance": 1.1640162339930105e-06, "prev_return": 0.0010097298706519748, "boundary_trend": -1, "trend_ou": 0.1391176180805155}, "GOOG": {"p": 116.74110782242646, "d1_open": 115.96066030903073, "h1_open": 116.59098795459168, "m5_open": 116.61822695946076, "m1_open": 116.67983499285299, "band": {"m1": 0.0005251364091938084, "m5": 0.00585557051960077, "h1": 0.009634473972278467, "d1": 0.021292954702269374}, "garch_variance": 1.1651899003099311e-06, "prev_return": 0.0, "boundary_trend": -1, "trend_ou": 0.09718745776875723}, "AMZN": {"p": 46.8132451018099, "d1_open": 46.96789998105076, "h1_open": 46.82840694605855, "m5_open": 46.813084171133156, "m1_open": 46.83807042020389, "band": {"m1": 0.0005300243620472603, "m5": 0.00586540733496679, "h1": 0.009664763508276013, "d1": 0.021422794040813768}, "garch_variance": 1.1799953204438653e-06, "prev_return": 0.0, "boundary_trend": 1, "trend_ou": 0.05692992731184993}, "MSFT": {"p": 168.82141898259906, "d1_open": 167.62666310367777, "h1_open": 168.69620816167418, "m5_open": 168.82136803963562, "m1_open": 168.90687237511324, "band": {"m1": 0.0005059201636533476, "m5": 0.005816898571430053, "h1": 0.009515395253950726, "d1": 0.020782511028796136}, "garch_variance": 1.1157819235738027e-06, "prev_return": 0.0, "boundary_trend": 1, "trend_ou": 0.08331871991240768}, "NVDA": {"p": 89.8092307301602, "d1_open": 90.12941982896956, "h1_open": 89.72055995998423, "m5_open": 89.71575681951947, "m1_open": 89.76261977134676, "band": {"m1": 0.0005192691449087422, "m5": 0.005843762877995742, "h1": 0.009598115865296292, "d1": 0.021137101784559638}, "garch_variance": 1.1338803708211425e-06, "prev_return": 0.0, "boundary_trend": -1, "trend_ou": 0.022228033602558993}}