{"AAPL": {"p": 59.58753426529176, "d1_open": 60.64587781624768, "h1_open": 59.45028971705123, "m5_open": 59.55598186060402, "m1_open": 59.5531387070966, "band": {"m1": 0.0005775607959864653, "m5": 0.00596107256289318, "h1": 0.00995933601545142, "d1": 0.02268551062676992}, "garch_variance": 1.2962729385157843e-06, "prev_return": 0.0, "boundary_trend": -1, "trend_ou": 0.1408879822316888}, "GOOG": {"p": 116.34581370142688, "d1_open": 115.96066030903073, "h1_open": 116.54179725422264, "m5_open": 116.55181862898172, "m1_open": 116.41384790113334, "band": {"m1": 0.0005844167247545752, "m5": 0.005974869853390132, "h1": 0.010001820652158098, "d1": 0.022867625569987955}, "garch_variance": 1.19944706269631e-06, "prev_return": 0.0, "boundary_trend": 1, "trend_ou": 0.06514822510198387}, "AMZN": {"p": 46.81323868933604, "d1_open": 46.96789998105076, "h1_open": 46.9213797279267, "m5_open": 46.731353078561675, "m1_open": 46.7860080830491, "band": {"m1": 0.0005820245710769325, "m5": 0.00597005573697788, "h1": 0.009986997017989972, "d1": 0.02280408247525816}, "garch_variance": 1.250421191444169e-06, "prev_return": 0.0011640492735954355, "boundary_trend": -1, "trend_ou": 0.05333950513959002}, "MSFT": {"p": 168.34162380951105, "d1_open": 167.62666310367777, "h1_open": 167.82975859843555, "m5_open": 168.14312932013704, "m1_open": 168.24592382354285, "band": {"m1": 0.0005688101309874426, "m5": 0.0059434621892856514, "h1": 0.009905110127756293, "d1": 0.02245306555429049}, "garch_variance": 1.2415898965041975e-06, "prev_return": 0.0, "boundary_trend": -1, "trend_ou": 0.09245876788236268}, "NVDA": {"p": 89.21495454693488, "d1_open": 90.12941982896956, "h1_open": 89.31770008616805, "m5_open": 89.18146253398177, "m1_open": 89.1817845517854, "band": {"m1": 0.000586528320316654, "m5": 0.005979119357486147, "h1": 0.01001490573127147, "d1": 0.022923716162363442}, "garch_variance": 1.405177428742484e-06, "prev_return": -0.00021448864613623228, "boundary_trend": -1, "trend_ou": 0.00391186466211122}}