{"AAPL": {"p": 60.465093767688835, "d1_open": 60.64587781624768, "h1_open": 60.01860933966563, "m5_open": 60.48228132987196, "m1_open": 60.435175878242845, "band": {"m1": 0.0004950409924555026, "m5": 0.005795004661726537, "h1": 0.00944797949575906, "d1": 0.020493526164459364}, "garch_variance": 1.0753243770372262e-06, "prev_return": 0.0, "boundary_trend": -1, "trend_ou": 0.10364044983652711}, "GOOG": {"p": 116.82432084513293, "d1_open": 115.96066030903073, "h1_open": 116.59098795459168, "m5_open": 116.76476419220693, "m1_open": 116.76503069794526, "band": {"m1": 0.0005077731477761612, "m5": 0.005820627630043907, "h1": 0.009526877776588238, "d1": 0.02083173209128439}, "garch_variance": 1.1857182843043874e-06, "prev_return": 0.0, "boundary_trend": -1, "trend_ou": 0.07471861870328009}, "AMZN": {"p": 46.847956370476105, "d1_open": 46.96789998105076, "h1_open": 46.82840694605855, "m5_open": 46.831993979793495, "m1_open": 46.82496961540159, "band": {"m1": 0.000490908061731035, "m5": 0.00578668729908495, "h1": 0.009422368660772031, "d1": 0.020383742578650898}, "garch_variance": 1.0728288642103395e-06, "prev_return": 0.0, "boundary_trend": -1, "trend_ou": 0.056227619954750827}, "MSFT": {"p": 168.17200596017264, "d1_open": 167.62666310367777, "h1_open": 168.69620816167418, "m5_open": 168.25594282376633, "m1_open": 168.25669316545893, "band": {"m1": 0.0005033214649178897, "m5": 0.005811668791107078, "h1": 0.009499291706871945, "d1": 0.02071348145036031}, "garch_variance": 1.0436572771923673e-06, "prev_return": 0.0, "boundary_trend": 1, "trend_ou": 0.11145462976968049}, "NVDA": {"p": 89.9087016034956, "d1_open": 90.12941982896956, "h1_open": 89.72055995998423, "m5_open": 89.88451650165352, "m1_open": 89.86279482444854, "band": {"m1": 0.0005108541208487515, "m5": 0.0058268279687483495, "h1": 0.009545969868428648, "d1": 0.020913572386764265}, "garch_variance": 1.1782572457271914e-06, "prev_return": 0.0, "boundary_trend": -1, "trend_ou": 0.03183899566636239}}