{"AAPL": {"p": 60.37526870251802, "d1_open": 60.64587781624768, "h1_open": 60.01860933966563, "m5_open": 60.37551548068283, "m1_open": 60.345731781469844, "band": {"m1": 0.0004894616433707194, "m5": 0.005783776438285138, "h1": 0.00941340553401819, "d1": 0.020345321176319}, "garch_variance": 1.023467056899356e-06, "prev_return": 0.0009789233649160657, "boundary_trend": -1, "trend_ou": 0.09291161618757475}, "GOOG": {"p": 116.85051944669134, "d1_open": 115.96066030903073, "h1_open": 116.59098795459168, "m5_open": 116.7909993158853, "m1_open": 116.90974131319089, "band": {"m1": 0.0005065605811316232, "m5": 0.005818187386743915, "h1": 0.009519363775915498, "d1": 0.020799522523027893}, "garch_variance": 1.1297608714708428e-06, "prev_return": 0.0, "boundary_trend": 1, "trend_ou": 0.07633529436967247}, "AMZN": {"p": 46.97489317835074, "d1_open": 46.96789998105076, "h1_open": 46.82840694605855, "m5_open": 46.96403786112757, "m1_open": 46.95128062468862, "band": {"m1": 0.0005029160727449631, "m5": 0.00581085295509649, "h1": 0.009496779583456861, "d1": 0.020702712964419067}, "garch_variance": 1.2029944208278136e-06, "prev_return": 0.0010058322302900677, "boundary_trend": -1, "trend_ou": 0.05494114002487737}, "MSFT": {"p": 168.15503770160484, "d1_open": 167.62666310367777, "h1_open": 168.69620816167418, "m5_open": 168.2559507026151, "m1_open": 168.1727692266873, "band": {"m1": 0.0005146964754193061, "m5": 0.005834560558160425, "h1": 0.009569780068847818, "d1": 0.02101563735973991}, "garch_variance": 1.2937571139119182e-06, "prev_return": 0.0004093870556730632, "boundary_trend": 1, "trend_ou": 0.0963646555557449}, "NVDA": {"p": 89.77164520488638, "d1_open": 90.12941982896956, "h1_open": 89.72055995998423, "m5_open": 89.86629344433112, "m1_open": 89.81853015056474, "band": {"m1": 0.0005219963586551665, "m5": 0.0058492512897893, "h1": 0.009615015790770612, "d1": 0.021209545124240142}, "garch_variance": 1.2266565115125425e-06, "prev_return": 0.0, "boundary_trend": 1, "trend_ou": 0.0353788611795562}}