{"AAPL": {"p": 60.01326281444054, "d1_open": 60.64587781624768, "h1_open": 59.45028971705123, "m5_open": 59.8862394852233, "m1_open": 59.98175423080415, "band": {"m1": 0.0005253028031682201, "m5": 0.0058559053810148184, "h1": 0.009635505078025358, "d1": 0.021297374647433157}, "garch_variance": 1.04482542757721e-06, "prev_return": 0.0010506057029721976, "boundary_trend": -1, "trend_ou": 0.14333586645577384}, "GOOG": {"p": 116.2678403940684, "d1_open": 115.96066030903073, "h1_open": 116.54179725422264, "m5_open": 116.38912355102275, "m1_open": 116.32883904570684, "band": {"m1": 0.0005243639680309976, "m5": 0.005854016011746973, "h1": 0.009629687329463283, "d1": 0.02127243624543259}, "garch_variance": 1.1808776578141038e-06, "prev_return": 0.0, "boundary_trend": 1, "trend_ou": 0.07208617911467358}, "AMZN": {"p": 46.946066668918256, "d1_open": 46.96789998105076, "h1_open": 46.9213797279267, "m5_open": 46.93623521737276, "m1_open": 46.921991445763766, "band": {"m1": 0.0005130903956264928, "m5": 0.0058313283849258084, "h1": 0.009559827556383425, "d1": 0.020972974849646112}, "garch_variance": 1.041099506460253e-06, "prev_return": 0.0, "boundary_trend": -1, "trend_ou": 0.07264764108053791}, "MSFT": {"p": 168.43405377576997, "d1_open": 167.62666310367777, "h1_open": 167.82975859843555, "m5_open": 168.4329823778873, "m1_open": 168.34472819023046, "band": {"m1": 0.0005306111245643657, "m5": 0.005866588171754197, "h1": 0.009668399542607098, "d1": 0.02143838029121097}, "garch_variance": 1.0822335019667414e-06, "prev_return": 0.001061222348723765, "boundary_trend": -1, "trend_ou": 0.09698951944624676}, "NVDA": {"p": 89.3577589275197, "d1_open": 90.12941982896956, "h1_open": 89.31770008616805, "m5_open": 89.35769526360833, "m1_open": 89.30772474147088, "band": {"m1": 0.0005602447738272539, "m5": 0.00592622474051008, "h1": 0.009852032550739125, "d1": 0.022225542838458654}, "garch_variance": 1.3126052852192472e-06, "prev_return": 9.539876723370696e-07, "boundary_trend": -1, "trend_ou": 0.01698387373196882}}