{"AAPL": {"p": 60.37543520354302, "d1_open": 60.64587781624768, "h1_open": 60.01860933966563, "m5_open": 60.37551548068283, "m1_open": 60.34562899932582, "band": {"m1": 0.0004939248245723264, "m5": 0.005792758417191562, "h1": 0.009441062856362079, "d1": 0.020463877249258855}, "garch_variance": 1.0788572532274743e-06, "prev_return": 0.0, "boundary_trend": -1, "trend_ou": 0.09486645725814105}, "GOOG": {"p": 116.91015368388726, "d1_open": 115.96066030903073, "h1_open": 116.59098795459168, "m5_open": 116.7909993158853, "m1_open": 116.85055792008802, "band": {"m1": 0.0005100169383871342, "m5": 0.005825143171543978, "h1": 0.009540782038458118, "d1": 0.020891334198239065}, "garch_variance": 1.1963458648049278e-06, "prev_return": 0.0, "boundary_trend": -1, "trend_ou": 0.07637656659146858}, "AMZN": {"p": 46.97480625766206, "d1_open": 46.96789998105076, "h1_open": 46.82840694605855, "m5_open": 46.96403786112757, "m1_open": 46.951239494001484, "band": {"m1": 0.0005019412461641662, "m5": 0.005808891154445647, "h1": 0.009490738804076275, "d1": 0.02067681851693953}, "garch_variance": 1.1552213854911156e-06, "prev_return": 0.0, "boundary_trend": -1, "trend_ou": 0.05290336474145637}, "MSFT": {"p": 168.08675407410877, "d1_open": 167.62666310367777, "h1_open": 168.69620816167418, "m5_open": 168.2559507026151, "m1_open": 168.1717581091037, "band": {"m1": 0.0005054596321682894, "m5": 0.00581597176969432, "h1": 0.009512541444715472, "d1": 0.020770277870009304}, "garch_variance": 1.2885309351489526e-06, "prev_return": -0.0010109193504298814, "boundary_trend": 1, "trend_ou": 0.09684220972224476}, "NVDA": {"p": 89.77152059283071, "d1_open": 90.12941982896956, "h1_open": 89.72055995998423, "m5_open": 89.86629344433112, "m1_open": 89.81882163046295, "band": {"m1": 0.0005266272343991341, "m5": 0.00585857074745228, "h1": 0.009643712278186198, "d1": 0.021332555689502323}, "garch_variance": 1.2547187195671238e-06, "prev_return": -0.00010616074534058363, "boundary_trend": 1, "trend_ou": 0.03261298638156759}}