{"AAPL": {"p": 59.72477605127273, "d1_open": 60.64587781624768, "h1_open": 59.45028971705123, "m5_open": 59.635565183466795, "m1_open": 59.6919454351414, "band": {"m1": 0.0005500007730021369, "m5": 0.005905609086524208, "h1": 0.009788552799388386, "d1": 0.02195343008879454}, "garch_variance": 1.22898605398202e-06, "prev_return": 0.0, "boundary_trend": -1, "trend_ou": 0.14237046401086437}, "GOOG": {"p": 116.32668305178018, "d1_open": 115.96066030903073, "h1_open": 116.54179725422264, "m5_open": 116.40528161096526, "m1_open": 116.38999052521001, "band": {"m1": 0.0005439254109753007, "m5": 0.005893382656292274, "h1": 0.009750905157864996, "d1": 0.021792049443229385}, "garch_variance": 1.1014891419867013e-06, "prev_return": 0.0, "boundary_trend": 1, "trend_ou": 0.07306746792124161}, "AMZN": {"p": 46.8404997574404, "d1_open": 46.96789998105076, "h1_open": 46.9213797279267, "m5_open": 46.86767729494002, "m1_open": 46.866448532927045, "band": {"m1": 0.0005536748846760644, "m5": 0.005913003093638052, "h1": 0.00981132043670875, "d1": 0.02205102600344091}, "garch_variance": 1.117094717220337e-06, "prev_return": -0.00045093180002817225, "boundary_trend": 1, "trend_ou": 0.055541489549097794}, "MSFT": {"p": 168.5271135181026, "d1_open": 167.62666310367777, "h1_open": 167.82975859843555, "m5_open": 168.24772373966175, "m1_open": 168.43364997971568, "band": {"m1": 0.0005548982545838318, "m5": 0.0059154650780859075, "h1": 0.009818901382755204, "d1": 0.02208352254020833}, "garch_variance": 1.2701473420340837e-06, "prev_return": 0.0011097966230743024, "boundary_trend": -1, "trend_ou": 0.09799495243255385}, "NVDA": {"p": 89.30812404113163, "d1_open": 90.12941982896956, "h1_open": 89.31770008616805, "m5_open": 89.25509332379079, "m1_open": 89.36002762267478, "band": {"m1": 0.0005808366774717519, "m5": 0.005967665147211781, "h1": 0.009979635910550084, "d1": 0.02277252830021148}, "garch_variance": 1.2611629031080874e-06, "prev_return": 0.0, "boundary_trend": 1, "trend_ou": 0.012056076428641352}}