{"AAPL": {"p": 60.376537107775135, "d1_open": 60.64587781624768, "h1_open": 60.34576209807594, "m5_open": 60.34623991845419, "m1_open": 60.34623991845419, "band": {"m1": 0.0005020559584472429, "m5": 0.00580912200846218, "h1": 0.009491449650095414, "d1": 0.020679865634496537}, "garch_variance": 1.099702025778396e-06, "prev_return": 0.0, "boundary_trend": -1, "trend_ou": 0.10923977863822627}, "GOOG": {"p": 116.9676421540101, "d1_open": 115.96066030903073, "h1_open": 116.90937729849402, "m5_open": 116.90956551134133, "m1_open": 116.90956551134133, "band": {"m1": 0.0004967655333824292, "m5": 0.005798475233394867, "h1": 0.009458666085022802, "d1": 0.020539335373336395}, "garch_variance": 1.0890697680212536e-06, "prev_return": 0.0, "boundary_trend": -1, "trend_ou": 0.07550747288975419}, "AMZN": {"p": 46.973936407704855, "d1_open": 46.96789998105076, "h1_open": 46.998622621007485, "m5_open": 46.950708370044566, "m1_open": 46.950708370044566, "band": {"m1": 0.0004947324218670549, "m5": 0.005794383675396073, "h1": 0.009446067353758757, "d1": 0.02048532956308052}, "garch_variance": 1.0834072936266678e-06, "prev_return": 0.0, "boundary_trend": -1, "trend_ou": 0.06039064597349311}, "MSFT": {"p": 167.6334798499093, "d1_open": 167.62666310367777, "h1_open": 168.18314018534795, "m5_open": 167.71710903033275, "m1_open": 167.71710903033275, "band": {"m1": 0.0004986323751163556, "m5": 0.0058022321799131304, "h1": 0.009470234480135606, "d1": 0.020588924537382626}, "garch_variance": 1.1877717851304726e-06, "prev_return": -0.0009972648328843057, "boundary_trend": 1, "trend_ou": 0.08585866800586543}, "NVDA": {"p": 89.67528012218196, "d1_open": 90.12941982896956, "h1_open": 89.81824119997734, "m5_open": 89.71985555230542, "m1_open": 89.71985555230542, "band": {"m1": 0.0004968290446865271, "m5": 0.005798603047428838, "h1": 0.009459059650179711, "d1": 0.020541022432512577}, "garch_variance": 1.0786498729915668e-06, "prev_return": 0.0, "boundary_trend": 1, "trend_ou": 0.02899020904856862}}