{"AAPL": {"p": 60.435291190992274, "d1_open": 60.64587781624768, "h1_open": 60.01860933966563, "m5_open": 60.48228132987196, "m1_open": 60.465093767688835, "band": {"m1": 0.0004928889519473995, "m5": 0.0057906737637467304, "h1": 0.009434643788481864, "d1": 0.02043636122762993}, "garch_variance": 1.046285451792759e-06, "prev_return": -0.0009857779837229039, "boundary_trend": 1, "trend_ou": 0.10129871257503725}, "GOOG": {"p": 116.76514190809233, "d1_open": 115.96066030903073, "h1_open": 116.59098795459168, "m5_open": 116.76476419220693, "m1_open": 116.82432084513293, "band": {"m1": 0.000506563501610688, "m5": 0.005818193264094659, "h1": 0.009519381873462348, "d1": 0.0207996001000998}, "garch_variance": 1.143432090187861e-06, "prev_return": -0.0008172357945281229, "boundary_trend": 1, "trend_ou": 0.07493472369773939}, "AMZN": {"p": 46.87088853451493, "d1_open": 46.96789998105076, "h1_open": 46.82840694605855, "m5_open": 46.831993979793495, "m1_open": 46.847956370476105, "band": {"m1": 0.0004895019082045573, "m5": 0.005783857469700146, "h1": 0.009413655046067617, "d1": 0.0203463907364291}, "garch_variance": 1.0440894005050988e-06, "prev_return": 0.0009790038946027673, "boundary_trend": -1, "trend_ou": 0.057992295742341646}, "MSFT": {"p": 168.2558368325591, "d1_open": 167.62666310367777, "h1_open": 168.69620816167418, "m5_open": 168.25594282376633, "m1_open": 168.17200596017264, "band": {"m1": 0.0004984829187703017, "m5": 0.005801931404818629, "h1": 0.009469308333032802, "d1": 0.020584954508682533}, "garch_variance": 1.0184184039292832e-06, "prev_return": 0.0, "boundary_trend": -1, "trend_ou": 0.11032208046966709}, "NVDA": {"p": 89.86295630129455, "d1_open": 90.12941982896956, "h1_open": 89.72055995998423, "m5_open": 89.88451650165352, "m1_open": 89.9087016034956, "band": {"m1": 0.0005087972730691537, "m5": 0.005822688642439255, "h1": 0.009533224048914943, "d1": 0.020858936066980437}, "garch_variance": 1.1368663762399285e-06, "prev_return": -0.0010175946339481886, "boundary_trend": 1, "trend_ou": 0.031210964679698316}}