{"AAPL": {"p": 60.37551548068283, "d1_open": 60.64587781624768, "h1_open": 60.01860933966563, "m5_open": 60.46517152250016, "m1_open": 60.405407420689656, "band": {"m1": 0.0004948553661536601, "m5": 0.005794631096000139, "h1": 0.009446829211638013, "d1": 0.020488595348436733}, "garch_variance": 1.150383849725561e-06, "prev_return": 0.0, "boundary_trend": 1, "trend_ou": 0.09071827365170085}, "GOOG": {"p": 116.7909993158853, "d1_open": 115.96066030903073, "h1_open": 116.59098795459168, "m5_open": 116.73090151570756, "m1_open": 116.73137326951687, "band": {"m1": 0.0005107970950600391, "m5": 0.005826713206562322, "h1": 0.009545616492540666, "d1": 0.02091205760319159}, "garch_variance": 1.1503447170295908e-06, "prev_return": 0.0010215942789693873, "boundary_trend": -1, "trend_ou": 0.0801874246257559}, "AMZN": {"p": 46.96403786112757, "d1_open": 46.96789998105076, "h1_open": 46.82840694605855, "m5_open": 46.89383323090911, "m1_open": 46.94059038432747, "band": {"m1": 0.0004995138878340301, "m5": 0.005804006190036906, "h1": 0.009475697014655641, "d1": 0.020612340276366378}, "garch_variance": 1.1768744426590149e-06, "prev_return": 0.0009990278587586516, "boundary_trend": -1, "trend_ou": 0.06306952051668527}, "MSFT": {"p": 168.2559507026151, "d1_open": 167.62666310367777, "h1_open": 168.69620816167418, "m5_open": 168.1727590183512, "m1_open": 168.3396408714912, "band": {"m1": 0.0004971506915592644, "m5": 0.00579925034927381, "h1": 0.009461052822950063, "d1": 0.020549566380961587}, "garch_variance": 1.1311293946661043e-06, "prev_return": -0.0009943014650353242, "boundary_trend": 1, "trend_ou": 0.10026176064862535}, "NVDA": {"p": 89.86629344433112, "d1_open": 90.12941982896956, "h1_open": 89.72055995998423, "m5_open": 89.81711137604975, "m1_open": 89.81887869032231, "band": {"m1": 0.0005278929630404557, "m5": 0.005861117977207037, "h1": 0.009651555711704049, "d1": 0.021366177406915134}, "garch_variance": 1.3013003097156114e-06, "prev_return": 0.001055786024153184, "boundary_trend": -1, "trend_ou": 0.03495246858311533}}