{"AAPL": {"p": 59.655987320050684, "d1_open": 60.64587781624768, "h1_open": 59.45028971705123, "m5_open": 59.55598186060402, "m1_open": 59.62185141936935, "band": {"m1": 0.0005725400984485787, "m5": 0.005950968604002919, "h1": 0.009928223890730494, "d1": 0.02255214517360474}, "garch_variance": 1.1918337635866232e-06, "prev_return": 0.0009695473197451419, "boundary_trend": -1, "trend_ou": 0.14155627357987385}, "GOOG": {"p": 116.34645087729514, "d1_open": 115.96066030903073, "h1_open": 116.54179725422264, "m5_open": 116.55181862898172, "m1_open": 116.41307508027353, "band": {"m1": 0.0005723085910449006, "m5": 0.005950502704340192, "h1": 0.009926789291820143, "d1": 0.022545995611801897}, "garch_variance": 1.1406001996908393e-06, "prev_return": 0.0, "boundary_trend": 1, "trend_ou": 0.06855390173581542}, "AMZN": {"p": 46.81308181015613, "d1_open": 46.96789998105076, "h1_open": 46.9213797279267, "m5_open": 46.731353078561675, "m1_open": 46.78603930382302, "band": {"m1": 0.000578003753587683, "m5": 0.005961963997869906, "h1": 0.009962080923311568, "d1": 0.022697276968154472}, "garch_variance": 1.22787073621407e-06, "prev_return": 0.0011560076359116143, "boundary_trend": -1, "trend_ou": 0.05209196334362524}, "MSFT": {"p": 168.34211702501537, "d1_open": 167.62666310367777, "h1_open": 167.82975859843555, "m5_open": 168.14312932013704, "m1_open": 168.43708577743024, "band": {"m1": 0.0005638232932880994, "m5": 0.0059334263720060105, "h1": 0.00987420782478062, "d1": 0.022320599524497737}, "garch_variance": 1.1494872158528504e-06, "prev_return": -0.0011276467060678064, "boundary_trend": 1, "trend_ou": 0.09597863775458622}, "NVDA": {"p": 89.31871586860353, "d1_open": 90.12941982896956, "h1_open": 89.31770008616805, "m5_open": 89.18146253398177, "m1_open": 89.26652529723758, "band": {"m1": 0.0005846600524908541, "m5": 0.005975359541013349, "h1": 0.010003328498990544, "d1": 0.02287408911685004}, "garch_variance": 1.2810368377782687e-06, "prev_return": 0.0011693202382167677, "boundary_trend": -1, "trend_ou": 0.004626161916809922}}