{"AAPL": {"p": 60.34576209807594, "d1_open": 60.64587781624768, "h1_open": 60.01860933966563, "m5_open": 60.37551548068283, "m1_open": 60.37526870251802, "band": {"m1": 0.0004887200517063783, "m5": 0.0057822840138494255, "h1": 0.009408810058553103, "d1": 0.020325622178792854}, "garch_variance": 1.0581484673341488e-06, "prev_return": 0.0, "boundary_trend": 1, "trend_ou": 0.09384700075287772}, "GOOG": {"p": 116.90937729849402, "d1_open": 115.96066030903073, "h1_open": 116.59098795459168, "m5_open": 116.7909993158853, "m1_open": 116.85051944669134, "band": {"m1": 0.0005037020980427728, "m5": 0.005812434800494632, "h1": 0.009501650404077844, "d1": 0.02072359225843163}, "garch_variance": 1.0941895668943415e-06, "prev_return": 0.0010074042812836842, "boundary_trend": -1, "trend_ou": 0.07259155440754969}, "AMZN": {"p": 46.998622621007485, "d1_open": 46.96789998105076, "h1_open": 46.82840694605855, "m5_open": 46.96403786112757, "m1_open": 46.97489317835074, "band": {"m1": 0.0005051516044252695, "m5": 0.005815351875819207, "h1": 0.009510632666605255, "d1": 0.020762095688305414}, "garch_variance": 1.2193369988578935e-06, "prev_return": 0.0, "boundary_trend": -1, "trend_ou": 0.05658113375841264}, "MSFT": {"p": 168.18314018534795, "d1_open": 167.62666310367777, "h1_open": 168.69620816167418, "m5_open": 168.2559507026151, "m1_open": 168.15503770160484, "band": {"m1": 0.0005155625515223606, "m5": 0.005836303502696531, "h1": 0.009575146946165703, "d1": 0.021038643053886547}, "garch_variance": 1.2485621259236476e-06, "prev_return": 0.0006828039972658107, "boundary_trend": 0, "trend_ou": 0.09864277893833132}, "NVDA": {"p": 89.81824119997734, "d1_open": 90.12941982896956, "h1_open": 89.72055995998423, "m5_open": 89.86629344433112, "m1_open": 89.77164520488638, "band": {"m1": 0.0005190502522774023, "m5": 0.005843322365072636, "h1": 0.009596759437271033, "d1": 0.02113128731062392}, "garch_variance": 1.1794577301310373e-06, "prev_return": 0.0, "boundary_trend": -1, "trend_ou": 0.034745611104382054}}