{"AAPL": {"p": 60.25160163332547, "d1_open": 60.64587781624768, "h1_open": 60.01860933966563, "m5_open": 60.16500638409929, "m1_open": 60.225433232852204, "band": {"m1": 0.0005046912220016668, "m5": 0.005814425374063867, "h1": 0.009507779781070055, "d1": 0.020749866489057748}, "garch_variance": 1.1265997775856704e-06, "prev_return": 0.0009392317179520017, "boundary_trend": 0, "trend_ou": 0.14161607071547033}, "GOOG": {"p": 116.84828908718391, "d1_open": 115.96066030903073, "h1_open": 116.59098795459168, "m5_open": 116.66630908585559, "m1_open": 116.7875888237992, "band": {"m1": 0.0005197492644212682, "m5": 0.005844729099876341, "h1": 0.009601091057098216, "d1": 0.021149855262712482}, "garch_variance": 1.1681510941995003e-06, "prev_return": 0.0010394986224457723, "boundary_trend": -1, "trend_ou": 0.09176596326697731}, "AMZN": {"p": 46.828635208238104, "d1_open": 46.96789998105076, "h1_open": 46.82840694605855, "m5_open": 46.829278464686965, "m1_open": 46.80326147796425, "band": {"m1": 0.0005421359425090179, "m5": 0.005889781420471493, "h1": 0.009739816227355435, "d1": 0.021744515555531568}, "garch_variance": 1.3910947660752135e-06, "prev_return": 0.0, "boundary_trend": -1, "trend_ou": 0.06482909914961191}, "MSFT": {"p": 168.73470488840513, "d1_open": 167.62666310367777, "h1_open": 168.69620816167418, "m5_open": 168.8620695555655, "m1_open": 168.82277137272075, "band": {"m1": 0.000521650507212587, "m5": 0.005848555277187148, "h1": 0.009612872627766816, "d1": 0.021200358226599048}, "garch_variance": 1.2401859151430544e-06, "prev_return": 0.0, "boundary_trend": 1, "trend_ou": 0.08959679837716666}, "NVDA": {"p": 89.77009347640698, "d1_open": 90.12941982896956, "h1_open": 89.72055995998423, "m5_open": 89.72212273680886, "m1_open": 89.81722669970723, "band": {"m1": 0.0005247681879316522, "m5": 0.005854829488605122, "h1": 0.009632192188572787, "d1": 0.021283173592150328}, "garch_variance": 1.1482481980306685e-06, "prev_return": 0.0, "boundary_trend": 1, "trend_ou": 0.025129164777976207}}