{"AAPL": {"p": 59.987601844989946, "d1_open": 60.64587781624768, "h1_open": 59.45028971705123, "m5_open": 59.957106467575876, "m1_open": 59.957106467575876, "band": {"m1": 0.0005086198986363112, "m5": 0.005822331683278879, "h1": 0.009532124899755834, "d1": 0.02085422444644614}, "garch_variance": 1.0937304895471619e-06, "prev_return": 0.0010172398849906503, "boundary_trend": -1, "trend_ou": 0.14808776938842216}, "GOOG": {"p": 116.60943278868486, "d1_open": 115.96066030903073, "h1_open": 116.54179725422264, "m5_open": 116.54899474291155, "m1_open": 116.54899474291155, "band": {"m1": 0.0005185634239629459, "m5": 0.00584234264198859, "h1": 0.00959374267254407, "d1": 0.021118355625677522}, "garch_variance": 1.0656196322935372e-06, "prev_return": 0.0, "boundary_trend": -1, "trend_ou": 0.07991135783632829}, "AMZN": {"p": 46.7780742622545, "d1_open": 46.96789998105076, "h1_open": 46.9213797279267, "m5_open": 46.802704404040156, "m1_open": 46.802704404040156, "band": {"m1": 0.0005262546705213434, "m5": 0.005857820977111249, "h1": 0.00964140358427567, "d1": 0.021322659225909445}, "garch_variance": 1.2200416030929627e-06, "prev_return": -0.001052509438204815, "boundary_trend": 1, "trend_ou": 0.05427477506503706}, "MSFT": {"p": 168.52903598622572, "d1_open": 167.62666310367777, "h1_open": 167.82975859843555, "m5_open": 168.58619849429923, "m1_open": 168.58619849429923, "band": {"m1": 0.0005011134947307549, "m5": 0.005807225336819425, "h1": 0.009485609416050032, "d1": 0.020654830846064717}, "garch_variance": 1.0338906696842356e-06, "prev_return": 0.0001621116813845397, "boundary_trend": 1, "trend_ou": 0.08892531819568321}, "NVDA": {"p": 89.62691414402826, "d1_open": 90.12941982896956, "h1_open": 89.31770008616805, "m5_open": 89.67368377314698, "m1_open": 89.67368377314698, "band": {"m1": 0.0005215535612100443, "m5": 0.0058483601771205, "h1": 0.00961227187536149, "d1": 0.02119778303710315}, "garch_variance": 1.1241911594710358e-06, "prev_return": 0.0, "boundary_trend": 1, "trend_ou": 0.005002870230362553}}