{"AAPL": {"p": 59.98965114200228, "d1_open": 60.64587781624768, "h1_open": 59.45028971705123, "m5_open": 59.98182120320262, "m1_open": 60.02056722951875, "band": {"m1": 0.0005150915585026628, "m5": 0.005835355647528457, "h1": 0.009572228309171352, "d1": 0.02102613200397055}, "garch_variance": 1.012462263420592e-06, "prev_return": -0.0004951348441077631, "boundary_trend": 1, "trend_ou": 0.14271791901832354}, "GOOG": {"p": 116.28717559406827, "d1_open": 115.96066030903073, "h1_open": 116.54179725422264, "m5_open": 116.2067769083382, "m1_open": 116.22653719743086, "band": {"m1": 0.0005217259164696861, "m5": 0.0058487070353896555, "h1": 0.009613339921841846, "d1": 0.021202361332675442}, "garch_variance": 1.0853063051503171e-06, "prev_return": 0.0, "boundary_trend": -1, "trend_ou": 0.07202799100883463}, "AMZN": {"p": 46.931662779762746, "d1_open": 46.96789998105076, "h1_open": 46.9213797279267, "m5_open": 46.97007575922713, "m1_open": 46.95555627280742, "band": {"m1": 0.000508853369894291, "m5": 0.005822801535122151, "h1": 0.009533571668226192, "d1": 0.02086042617437071}, "garch_variance": 1.0911211322185856e-06, "prev_return": 0.0, "boundary_trend": 1, "trend_ou": 0.06876967500086488}, "MSFT": {"p": 168.25546398498656, "d1_open": 167.62666310367777, "h1_open": 167.82975859843555, "m5_open": 168.34487337474908, "m1_open": 168.16799032386035, "band": {"m1": 0.0005201564278539366, "m5": 0.005845548500478401, "h1": 0.009603614156608473, "d1": 0.021160670798860668}, "garch_variance": 1.0286457441565631e-06, "prev_return": 0.0, "boundary_trend": -1, "trend_ou": 0.09445432394088207}, "NVDA": {"p": 89.43484329155619, "d1_open": 90.12941982896956, "h1_open": 89.31770008616805, "m5_open": 89.40763452779281, "m1_open": 89.38971395567036, "band": {"m1": 0.0005508125108639066, "m5": 0.005907242677459151, "h1": 0.009793582954940577, "d1": 0.02197499238904651}, "garch_variance": 1.1940322807452815e-06, "prev_return": -4.592776624581048e-05, "boundary_trend": -1, "trend_ou": 0.01595002740787312}}