{"AAPL": {"p": 60.01765470739199, "d1_open": 60.64587781624768, "h1_open": 59.45028971705123, "m5_open": 59.957106467575876, "m1_open": 59.987601844989946, "band": {"m1": 0.0005104586703087124, "m5": 0.00582603213988801, "h1": 0.009543519351059335, "d1": 0.020903067981733137}, "garch_variance": 1.1245694498184499e-06, "prev_return": 0.001011448109259607, "boundary_trend": -1, "trend_ou": 0.14673009372164086}, "GOOG": {"p": 116.54936459908183, "d1_open": 115.96066030903073, "h1_open": 116.54179725422264, "m5_open": 116.54899474291155, "m1_open": 116.60943278868486, "band": {"m1": 0.0005151229035809433, "m5": 0.005835418728281672, "h1": 0.009572422547517216, "d1": 0.02102696462743329}, "garch_variance": 1.0377452764183129e-06, "prev_return": 0.0, "boundary_trend": 1, "trend_ou": 0.08302364033660861}, "AMZN": {"p": 46.802916924491335, "d1_open": 46.96789998105076, "h1_open": 46.9213797279267, "m5_open": 46.802704404040156, "m1_open": 46.7780742622545, "band": {"m1": 0.0005310749240672361, "m5": 0.0058675215502489095, "h1": 0.009671273603008053, "d1": 0.02145070025878745}, "garch_variance": 1.306569744823033e-06, "prev_return": 0.0, "boundary_trend": -1, "trend_ou": 0.05685374676478953}, "MSFT": {"p": 168.6133236764956, "d1_open": 167.62666310367777, "h1_open": 167.82975859843555, "m5_open": 168.58619849429923, "m1_open": 168.52903598622572, "band": {"m1": 0.0005001374972367839, "m5": 0.005805261179751275, "h1": 0.009479561380785888, "d1": 0.020628905295463573}, "garch_variance": 1.0114006011566068e-06, "prev_return": 0.0, "boundary_trend": -1, "trend_ou": 0.09252608681453761}, "NVDA": {"p": 89.67347392268597, "d1_open": 90.12941982896956, "h1_open": 89.31770008616805, "m5_open": 89.67368377314698, "m1_open": 89.62691414402826, "band": {"m1": 0.0005194843435408898, "m5": 0.0058441959568888745, "h1": 0.009599449402445788, "d1": 0.02114281813430593}, "garch_variance": 1.0892882203345115e-06, "prev_return": 0.0010389687805418865, "boundary_trend": -1, "trend_ou": 0.007098901228788001}}