{"AAPL": {"p": 59.6554345634141, "d1_open": 60.64587781624768, "h1_open": 59.45028971705123, "m5_open": 59.655987320050684, "m1_open": 59.62223740766074, "band": {"m1": 0.0005567915126426583, "m5": 0.005919275186432545, "h1": 0.009830633473846257, "d1": 0.022133813404588962}, "garch_variance": 1.0995870812959322e-06, "prev_return": 0.0, "boundary_trend": -1, "trend_ou": 0.13890970444800818}, "GOOG": {"p": 116.34521312391047, "d1_open": 115.96066030903073, "h1_open": 116.54179725422264, "m5_open": 116.34645087729514, "m1_open": 116.28049078497693, "band": {"m1": 0.000556605312693538, "m5": 0.00591890046626327, "h1": 0.009829479634963044, "d1": 0.022128867350697766}, "garch_variance": 1.1498356421787315e-06, "prev_return": 0.0, "boundary_trend": -1, "trend_ou": 0.0764726368975372}, "AMZN": {"p": 46.86729149019478, "d1_open": 46.96789998105076, "h1_open": 46.9213797279267, "m5_open": 46.81308181015613, "m1_open": 46.84029402388624, "band": {"m1": 0.0005763726908883323, "m5": 0.005958681547505724, "h1": 0.00995197359743764, "d1": 0.02265395083380795}, "garch_variance": 1.2481766182417295e-06, "prev_return": 0.00015550075424284815, "boundary_trend": -1, "trend_ou": 0.04445694437778199}, "MSFT": {"p": 168.5305341272619, "d1_open": 167.62666310367777, "h1_open": 167.82975859843555, "m5_open": 168.34211702501537, "m1_open": 168.43652232901866, "band": {"m1": 0.0005581437858208513, "m5": 0.005921996583708075, "h1": 0.009839013204244122, "d1": 0.022169734015988457}, "garch_variance": 1.1269154697168803e-06, "prev_return": 0.0011162876875588363, "boundary_trend": -1, "trend_ou": 0.1002188010161046}, "NVDA": {"p": 89.25279993438137, "d1_open": 90.12941982896956, "h1_open": 89.31770008616805, "m5_open": 89.31871586860353, "m1_open": 89.199852375708, "band": {"m1": 0.0005935834787074404, "m5": 0.005993317589864591, "h1": 0.010058624948795263, "d1": 0.023111123268415763}, "garch_variance": 1.4741019762469956e-06, "prev_return": 0.0011423425064459103, "boundary_trend": -1, "trend_ou": 0.006235799764263395}}