{"AAPL": {"p": 59.60288013848338, "d1_open": 60.64587781624768, "h1_open": 59.45028971705123, "m5_open": 59.688333043121425, "m1_open": 59.59017972421816, "band": {"m1": 0.0005495980920801367, "m5": 0.005904798706800856, "h1": 0.009786057476980796, "d1": 0.02194273362217047}, "garch_variance": 1.185296084483866e-06, "prev_return": -0.00033634051084869806, "boundary_trend": -1, "trend_ou": 0.13327640110371558}, "GOOG": {"p": 116.34091619199725, "d1_open": 115.96066030903073, "h1_open": 116.54179725422264, "m5_open": 116.28086377810278, "m1_open": 116.40561282777925, "band": {"m1": 0.0005557862220760448, "m5": 0.005917252078192867, "h1": 0.009824403916050108, "d1": 0.022107109738222407}, "garch_variance": 1.198279698568339e-06, "prev_return": 0.0, "boundary_trend": 1, "trend_ou": 0.06751344431264429}, "AMZN": {"p": 46.89422142019143, "d1_open": 46.96789998105076, "h1_open": 46.9213797279267, "m5_open": 46.89411419996188, "m1_open": 46.92083995515479, "band": {"m1": 0.0005673072986076524, "m5": 0.005940437797461654, "h1": 0.009895797416109783, "d1": 0.02241314561889315}, "garch_variance": 1.3063355823079263e-06, "prev_return": 0.0, "boundary_trend": 1, "trend_ou": 0.05793261812594323}, "MSFT": {"p": 168.33983347585604, "d1_open": 167.62666310367777, "h1_open": 167.82975859843555, "m5_open": 168.58170731419355, "m1_open": 168.43177459982365, "band": {"m1": 0.0005458656728284767, "m5": 0.00589728735795034, "h1": 0.00976292852081641, "d1": 0.02184358887562006}, "garch_variance": 1.0912036777670819e-06, "prev_return": -0.0010917314540911203, "boundary_trend": 1, "trend_ou": 0.09863274318105768}, "NVDA": {"p": 89.20240831303497, "d1_open": 90.12941982896956, "h1_open": 89.31770008616805, "m5_open": 89.19960372003932, "m1_open": 89.1495618892416, "band": {"m1": 0.0005927838866894908, "m5": 0.00599170844196883, "h1": 0.010053670058284416, "d1": 0.023089883599820626}, "garch_variance": 1.342800155785553e-06, "prev_return": 0.0011855679122457, "boundary_trend": -1, "trend_ou": -0.00040733437097292786}}