{"AAPL": {"p": 60.45214870734688, "d1_open": 60.64587781624768, "h1_open": 60.01860933966563, "m5_open": 60.4520660535103, "m1_open": 60.48227788217137, "band": {"m1": 0.0004981488111803426, "m5": 0.005801259026263977, "h1": 0.009467237944021998, "d1": 0.02057607956455284}, "garch_variance": 1.0810537812104244e-06, "prev_return": -0.0009962977047720725, "boundary_trend": 1, "trend_ou": 0.11219272525475592}, "GOOG": {"p": 116.5883652150414, "d1_open": 115.96066030903073, "h1_open": 116.59098795459168, "m5_open": 116.58833929644231, "m1_open": 116.64702286573345, "band": {"m1": 0.0005028645331098902, "m5": 0.005810749233581687, "h1": 0.00949646020401957, "d1": 0.02070134391027159}, "garch_variance": 1.1328803996086287e-06, "prev_return": -0.0006608276205857399, "boundary_trend": 1, "trend_ou": 0.08087759580135245}, "AMZN": {"p": 46.80907438026504, "d1_open": 46.96789998105076, "h1_open": 46.82840694605855, "m5_open": 46.76267786385328, "m1_open": 46.78597077091483, "band": {"m1": 0.0004938148972760824, "m5": 0.005792537192775275, "h1": 0.009440381661821843, "d1": 0.020460957235940345}, "garch_variance": 9.995991978892335e-07, "prev_return": 0.00010010405561945044, "boundary_trend": -1, "trend_ou": 0.06940824048681539}, "MSFT": {"p": 168.34258439096502, "d1_open": 167.62666310367777, "h1_open": 168.69620816167418, "m5_open": 168.5199691396183, "m1_open": 168.43121139120674, "band": {"m1": 0.0005261910753338922, "m5": 0.005857692994265286, "h1": 0.009641009499312634, "d1": 0.021320969938528653}, "garch_variance": 1.2679709642213675e-06, "prev_return": 0.0, "boundary_trend": 1, "trend_ou": 0.11460223488192833}, "NVDA": {"p": 89.93006619995292, "d1_open": 90.12941982896956, "h1_open": 89.72055995998423, "m5_open": 89.92989838153062, "m1_open": 89.8844024354028, "band": {"m1": 0.000508027681253469, "m5": 0.005821139868785936, "h1": 0.009528455062858102, "d1": 0.020838493297728453}, "garch_variance": 1.2224970274404674e-06, "prev_return": 0.0, "boundary_trend": -1, "trend_ou": 0.0346299562095739}}