{"AAPL": {"p": 59.854287894332494, "d1_open": 60.64587781624768, "h1_open": 59.45028971705123, "m5_open": 59.7249109543549, "m1_open": 59.822241051084966, "band": {"m1": 0.0005357011486775104, "m5": 0.00587683164768589, "h1": 0.009699941268402304, "d1": 0.021573587275369774}, "garch_variance": 1.0675076903277824e-06, "prev_return": 0.0010714023998437449, "boundary_trend": -1, "trend_ou": 0.1388869081340679}, "GOOG": {"p": 116.45064289242264, "d1_open": 115.96066030903073, "h1_open": 116.54179725422264, "m5_open": 116.32718278656239, "m1_open": 116.38891482815302, "band": {"m1": 0.0005303603385318464, "m5": 0.005866083474599328, "h1": 0.009666845478403244, "d1": 0.021431718628638772}, "garch_variance": 1.1087256341480233e-06, "prev_return": 0.0, "boundary_trend": -1, "trend_ou": 0.08120576979247922}, "AMZN": {"p": 46.91173096540906, "d1_open": 46.96789998105076, "h1_open": 46.9213797279267, "m5_open": 46.861483199341926, "m1_open": 46.887013873840985, "band": {"m1": 0.0005271628437370703, "m5": 0.0058596486404523885, "h1": 0.009647031327859639, "d1": 0.021346783151231362}, "garch_variance": 1.012310569229906e-06, "prev_return": 0.0, "boundary_trend": -1, "trend_ou": 0.05959966366755947}, "MSFT": {"p": 168.34060255384426, "d1_open": 167.62666310367777, "h1_open": 167.82975859843555, "m5_open": 168.5269736363333, "m1_open": 168.4336715124035, "band": {"m1": 0.000552555541439815, "m5": 0.005910750458828285, "h1": 0.009804384120368456, "d1": 0.022021292740916472}, "garch_variance": 1.1893016189087473e-06, "prev_return": 0.0, "boundary_trend": 1, "trend_ou": 0.09887738733658809}, "NVDA": {"p": 89.30770958239263, "d1_open": 90.12941982896956, "h1_open": 89.31770008616805, "m5_open": 89.30749152567925, "m1_open": 89.3579670042161, "band": {"m1": 0.000562427990568587, "m5": 0.0059306183794489925, "h1": 0.009865561450067678, "d1": 0.02228353591369741}, "garch_variance": 1.282139186928901e-06, "prev_return": 0.0, "boundary_trend": 1, "trend_ou": 0.01909241388701391}}