{"AAPL": {"p": 60.48227788217137, "d1_open": 60.64587781624768, "h1_open": 60.01860933966563, "m5_open": 60.4520660535103, "m1_open": 60.4520660535103, "band": {"m1": 0.0004997650309309406, "m5": 0.00580451160577, "h1": 0.009477253291506602, "d1": 0.020619011423687248}, "garch_variance": 1.0467160801764443e-06, "prev_return": 0.0009995301450777875, "boundary_trend": -1, "trend_ou": 0.11482265245124214}, "GOOG": {"p": 116.64702286573345, "d1_open": 115.96066030903073, "h1_open": 116.59098795459168, "m5_open": 116.58833929644231, "m1_open": 116.58833929644231, "band": {"m1": 0.0005033399535945432, "m5": 0.005811705998851108, "h1": 0.00949940627701078, "d1": 0.02071397256752515}, "garch_variance": 1.1046319581891565e-06, "prev_return": 0.0010066799922035048, "boundary_trend": -1, "trend_ou": 0.08285546839205996}, "AMZN": {"p": 46.78597077091483, "d1_open": 46.96789998105076, "h1_open": 46.82840694605855, "m5_open": 46.76267786385328, "m1_open": 46.76267786385328, "band": {"m1": 0.0004981089220204686, "m5": 0.005801178750878238, "h1": 0.00946699075993898, "d1": 0.020575019983519963}, "garch_variance": 1.0218355862384053e-06, "prev_return": 7.998770733022364e-05, "boundary_trend": -1, "trend_ou": 0.07116360803976031}, "MSFT": {"p": 168.43121139120674, "d1_open": 167.62666310367777, "h1_open": 168.69620816167418, "m5_open": 168.5199691396183, "m1_open": 168.5199691396183, "band": {"m1": 0.0005266897974448239, "m5": 0.005858696653153019, "h1": 0.009644099967200672, "d1": 0.021334217559964917}, "garch_variance": 1.3220505875240386e-06, "prev_return": -0.00019507364421788708, "boundary_trend": 1, "trend_ou": 0.11027728736980126}, "NVDA": {"p": 89.8844024354028, "d1_open": 90.12941982896956, "h1_open": 89.72055995998423, "m5_open": 89.92989838153062, "m1_open": 89.92989838153062, "band": {"m1": 0.0005059045650735053, "m5": 0.005816867179893661, "h1": 0.009515298593086802, "d1": 0.02078209668165539}, "garch_variance": 1.1359614552011172e-06, "prev_return": -0.001011809216467727, "boundary_trend": 1, "trend_ou": 0.03419057736973933}}