{"AAPL": {"p": 60.34619448355359, "d1_open": 60.64587781624768, "h1_open": 60.34576209807594, "m5_open": 60.25540657944253, "m1_open": 60.31575790160976, "band": {"m1": 0.0005046207326694529, "m5": 0.0058142835170192, "h1": 0.009507342974654456, "d1": 0.020747994071597213}, "garch_variance": 1.2242058746043798e-06, "prev_return": 0.0, "boundary_trend": -1, "trend_ou": 0.10964142993857706}, "GOOG": {"p": 116.90959370017872, "d1_open": 115.96066030903073, "h1_open": 116.90937729849402, "m5_open": 116.85159174149844, "m1_open": 116.85160080758297, "band": {"m1": 0.0004962952342538955, "m5": 0.005797528774655823, "h1": 0.009455751747914728, "d1": 0.020526842755343222}, "garch_variance": 1.141428793141014e-06, "prev_return": 0.000992590550002342, "boundary_trend": -1, "trend_ou": 0.07363513162500328}, "AMZN": {"p": 46.950706777842726, "d1_open": 46.96789998105076, "h1_open": 46.998622621007485, "m5_open": 46.92746197939747, "m1_open": 46.92755282811, "band": {"m1": 0.0004933977660742904, "m5": 0.005791697732424807, "h1": 0.009437796794305484, "d1": 0.020449876924621743}, "garch_variance": 1.1339016859142905e-06, "prev_return": 0.0009867956122241543, "boundary_trend": -1, "trend_ou": 0.06628390339886413}, "MSFT": {"p": 167.71706913418544, "d1_open": 167.62666310367777, "h1_open": 168.18314018534795, "m5_open": 167.92348178993907, "m1_open": 167.8007135988125, "band": {"m1": 0.0004984750233366433, "m5": 0.005801915515564895, "h1": 0.009469259406819891, "d1": 0.020584744781233344}, "garch_variance": 1.1037762432755509e-06, "prev_return": 0.0, "boundary_trend": 1, "trend_ou": 0.09113541804627777}, "NVDA": {"p": 89.6366958544138, "d1_open": 90.12941982896956, "h1_open": 89.81824119997734, "m5_open": 89.77038477332918, "m1_open": 89.68139914824575, "band": {"m1": 0.0004984678456906543, "m5": 0.005801901070830979, "h1": 0.009469214928574483, "d1": 0.020584554120473008}, "garch_variance": 1.1924451592123874e-06, "prev_return": 0.0, "boundary_trend": 1, "trend_ou": 0.03585296280769026}}