{"AAPL": {"p": 60.421415236362286, "d1_open": 60.64587781624768, "h1_open": 60.01860933966563, "m5_open": 60.39356694942597, "m1_open": 60.43949942294414, "band": {"m1": 0.000514650425040143, "m5": 0.005834467883560047, "h1": 0.009569494705085281, "d1": 0.021014414117423646}, "garch_variance": 1.2292346035547279e-06, "prev_return": 0.00021552674121670779, "boundary_trend": 1, "trend_ou": 0.1279370803383326}, "GOOG": {"p": 116.76398215485752, "d1_open": 115.96066030903073, "h1_open": 116.59098795459168, "m5_open": 116.82498612203729, "m1_open": 116.70553443524304, "band": {"m1": 0.0005008136066324308, "m5": 0.005806621823663279, "h1": 0.009483751077473178, "d1": 0.02064686487882012}, "garch_variance": 1.0671421309260116e-06, "prev_return": 0.0010016272970056986, "boundary_trend": -1, "trend_ou": 0.07794222804855926}, "AMZN": {"p": 46.833698801661114, "d1_open": 46.96789998105076, "h1_open": 46.82840694605855, "m5_open": 46.85821270257611, "m1_open": 46.85789353023561, "band": {"m1": 0.0005163426426516642, "m5": 0.0058378734058109226, "h1": 0.009579980994089412, "d1": 0.021059364717795726}, "garch_variance": 1.2392346986948031e-06, "prev_return": 0.0, "boundary_trend": 1, "trend_ou": 0.08405930181081879}, "MSFT": {"p": 168.78202822370451, "d1_open": 167.62666310367777, "h1_open": 168.69620816167418, "m5_open": 168.6703282560144, "m1_open": 168.86773748197854, "band": {"m1": 0.0005075525944271054, "m5": 0.005820183774990869, "h1": 0.009525511057471688, "d1": 0.020825873503484194}, "garch_variance": 1.2065645553509752e-06, "prev_return": -0.0010151052760212684, "boundary_trend": 1, "trend_ou": 0.10343846037815647}, "NVDA": {"p": 89.89633549011951, "d1_open": 90.12941982896956, "h1_open": 89.72055995998423, "m5_open": 89.81012927451938, "m1_open": 89.85125447235858, "band": {"m1": 0.000501729419646513, "m5": 0.005808464861802028, "h1": 0.009489426163156026, "d1": 0.02067119174111684}, "garch_variance": 1.1308127166120544e-06, "prev_return": 0.0010034589234941538, "boundary_trend": -1, "trend_ou": 0.025460109173998408}}