{"AAPL": {"p": 60.36272826974885, "d1_open": 60.64587781624768, "h1_open": 60.01860933966563, "m5_open": 60.39356694942597, "m1_open": 60.39356694942597, "band": {"m1": 0.0005106285525897984, "m5": 0.005826374021383823, "h1": 0.009544572073052074, "d1": 0.020907580587248766}, "garch_variance": 1.1421021043637202e-06, "prev_return": -0.0010212571939409293, "boundary_trend": 1, "trend_ou": 0.13161338328252686}, "GOOG": {"p": 116.7648054314425, "d1_open": 115.96066030903073, "h1_open": 116.59098795459168, "m5_open": 116.82498612203729, "m1_open": 116.82498612203729, "band": {"m1": 0.0005151354397074633, "m5": 0.005835443956749639, "h1": 0.009572500231051998, "d1": 0.02102729762622114}, "garch_variance": 1.138011465451346e-06, "prev_return": 0.0, "boundary_trend": 1, "trend_ou": 0.08563974940775128}, "AMZN": {"p": 46.88184495289678, "d1_open": 46.96789998105076, "h1_open": 46.82840694605855, "m5_open": 46.85821270257611, "m1_open": 46.85821270257611, "band": {"m1": 0.0005043352906066509, "m5": 0.005813709075948744, "h1": 0.009505574154885593, "d1": 0.020740411836306052}, "garch_variance": 1.1895515653576077e-06, "prev_return": 0.0010086706667333553, "boundary_trend": -1, "trend_ou": 0.07604455883695974}, "MSFT": {"p": 168.75428309554005, "d1_open": 167.62666310367777, "h1_open": 168.69620816167418, "m5_open": 168.6703282560144, "m1_open": 168.6703282560144, "band": {"m1": 0.0004977451600036863, "m5": 0.005800446693940796, "h1": 0.00946473660916621, "d1": 0.020565357324925936}, "garch_variance": 1.1836372720545617e-06, "prev_return": 0.000995490402218305, "boundary_trend": -1, "trend_ou": 0.09735100701744397}, "NVDA": {"p": 89.85527197857249, "d1_open": 90.12941982896956, "h1_open": 89.72055995998423, "m5_open": 89.81012927451938, "m1_open": 89.81012927451938, "band": {"m1": 0.0005026460201958431, "m5": 0.0058103094848248925, "h1": 0.009495106129016315, "d1": 0.020695539522816574}, "garch_variance": 1.0833333461684968e-06, "prev_return": 0.0010052921250551898, "boundary_trend": -1, "trend_ou": 0.02356079380143886}}