{"AAPL": {"p": 59.957120814023995, "d1_open": 60.64587781624768, "h1_open": 59.45028971705123, "m5_open": 59.98773416707639, "m1_open": 59.98773416707639, "band": {"m1": 0.0005103268772768621, "m5": 0.00582576691152765, "h1": 0.009542702659511331, "d1": 0.020899567145985894}, "garch_variance": 1.0302479360638067e-06, "prev_return": -0.00014520400949260363, "boundary_trend": 1, "trend_ou": 0.14481832913414588}, "GOOG": {"p": 116.34789243399719, "d1_open": 115.96066030903073, "h1_open": 116.54179725422264, "m5_open": 116.28723198350141, "m1_open": 116.28723198350141, "band": {"m1": 0.0005216432574848103, "m5": 0.005848540687391435, "h1": 0.009612827702846905, "d1": 0.02120016565112065}, "garch_variance": 1.1582222170552359e-06, "prev_return": 0.0010432866095999758, "boundary_trend": -1, "trend_ou": 0.07589771315439424}, "AMZN": {"p": 46.85957308290398, "d1_open": 46.96789998105076, "h1_open": 46.9213797279267, "m5_open": 46.88369733097684, "m1_open": 46.88369733097684, "band": {"m1": 0.0005145551534161311, "m5": 0.005834276153115192, "h1": 0.00956890432842422, "d1": 0.021011883404666254}, "garch_variance": 1.1185401922420774e-06, "prev_return": -0.0010291103976570093, "boundary_trend": 1, "trend_ou": 0.06261156559037537}, "MSFT": {"p": 168.42578066068637, "d1_open": 167.62666310367777, "h1_open": 167.82975859843555, "m5_open": 168.34029677197125, "m1_open": 168.34029677197125, "band": {"m1": 0.000507804075164055, "m5": 0.0058206898702114354, "h1": 0.009527069426601444, "d1": 0.020832553619582108}, "garch_variance": 9.688003088391865e-07, "prev_return": 0.000280158037099708, "boundary_trend": -1, "trend_ou": 0.09398477826587445}, "NVDA": {"p": 89.58028205558888, "d1_open": 90.12941982896956, "h1_open": 89.31770008616805, "m5_open": 89.53210748612372, "m1_open": 89.53210748612372, "band": {"m1": 0.0005380703170939962, "m5": 0.005881599507152357, "h1": 0.00971462246811656, "d1": 0.021636519809565467}, "garch_variance": 1.1495819065033804e-06, "prev_return": 9.219430833432619e-05, "boundary_trend": -1, "trend_ou": 0.01350296906043452}}