{"AAPL": {"p": 60.018716613171506, "d1_open": 60.64587781624768, "h1_open": 60.01860933966563, "m5_open": 60.01860933966563, "m1_open": 59.98792726445679, "band": {"m1": 0.0005132590859320979, "m5": 0.005831667867617238, "h1": 0.009560872891974263, "d1": 0.02097745579255929}, "garch_variance": 1.1606427087956704e-06, "prev_return": 0.0010265182620044198, "boundary_trend": -1, "trend_ou": 0.1432381593343617}, "GOOG": {"p": 116.70774917384527, "d1_open": 115.96066030903073, "h1_open": 116.59098795459168, "m5_open": 116.59098795459168, "m1_open": 116.64948439996719, "band": {"m1": 0.0004994859100987636, "m5": 0.005803949885930785, "h1": 0.00947552364297124, "d1": 0.02061159710008177}, "garch_variance": 9.965764915432466e-07, "prev_return": 0.0, "boundary_trend": -1, "trend_ou": 0.08245551705225719}, "AMZN": {"p": 46.82862383508738, "d1_open": 46.96789998105076, "h1_open": 46.82840694605855, "m5_open": 46.82840694605855, "m1_open": 46.80294713899896, "band": {"m1": 0.0005486128044920421, "m5": 0.0059028158537789265, "h1": 0.009779951873108933, "d1": 0.021916561297569623}, "garch_variance": 1.4331709320122569e-06, "prev_return": 5.1077643444732567e-05, "boundary_trend": -1, "trend_ou": 0.055465347275628206}, "MSFT": {"p": 168.86168445150668, "d1_open": 167.62666310367777, "h1_open": 168.69620816167418, "m5_open": 168.69620816167418, "m1_open": 168.77914611436043, "band": {"m1": 0.0004890316075560953, "m5": 0.0057829110079023055, "h1": 0.009410740699540891, "d1": 0.020333898078061876}, "garch_variance": 9.365665202459245e-07, "prev_return": 0.0, "boundary_trend": -1, "trend_ou": 0.09638951162729256}, "NVDA": {"p": 89.62683279876786, "d1_open": 90.12941982896956, "h1_open": 89.72055995998423, "m5_open": 89.72055995998423, "m1_open": 89.67379039578518, "band": {"m1": 0.000523649070816034, "m5": 0.005852577308854347, "h1": 0.009625257273450795, "d1": 0.021253446336098145}, "garch_variance": 1.2257855026024241e-06, "prev_return": 0.0, "boundary_trend": 1, "trend_ou": 0.006314725037936875}}