{"AAPL": {"p": 60.435175878242845, "d1_open": 60.64587781624768, "h1_open": 60.01860933966563, "m5_open": 60.48228132987196, "m1_open": 60.465189359165, "band": {"m1": 0.0004963761999301706, "m5": 0.005797691714936218, "h1": 0.009456253473860051, "d1": 0.020528993457317554}, "garch_variance": 1.1083231557241207e-06, "prev_return": 0.0, "boundary_trend": 1, "trend_ou": 0.10632699583833925}, "GOOG": {"p": 116.76503069794526, "d1_open": 115.96066030903073, "h1_open": 116.59098795459168, "m5_open": 116.76476419220693, "m1_open": 116.7058126897238, "band": {"m1": 0.0005074126717141554, "m5": 0.005819902185962891, "h1": 0.00952464398813247, "d1": 0.020822156717941975}, "garch_variance": 1.233770777618622e-06, "prev_return": 0.0, "boundary_trend": -1, "trend_ou": 0.07688837466444885}, "AMZN": {"p": 46.82496961540159, "d1_open": 46.96789998105076, "h1_open": 46.82840694605855, "m5_open": 46.831993979793495, "m1_open": 46.80902990453659, "band": {"m1": 0.0004913231496760266, "m5": 0.005787522647460428, "h1": 0.009424940866689093, "d1": 0.0203947686146687}, "garch_variance": 1.1052211800900716e-06, "prev_return": 6.248009430697371e-05, "boundary_trend": -1, "trend_ou": 0.06015292380790799}, "MSFT": {"p": 168.25669316545893, "d1_open": 167.62666310367777, "h1_open": 168.69620816167418, "m5_open": 168.25594282376633, "m1_open": 168.34223998488352, "band": {"m1": 0.0005081720394849237, "m5": 0.005821430384122716, "h1": 0.0095293496181002, "d1": 0.020842327904535735}, "garch_variance": 1.0723378149913263e-06, "prev_return": 0.0, "boundary_trend": 1, "trend_ou": 0.10977062038154883}, "NVDA": {"p": 89.86279482444854, "d1_open": 90.12941982896956, "h1_open": 89.72055995998423, "m5_open": 89.88451650165352, "m1_open": 89.90879092700388, "band": {"m1": 0.0005115862651592831, "m5": 0.005828301380751269, "h1": 0.009550506800783383, "d1": 0.020933020432980856}, "garch_variance": 1.2252923246899901e-06, "prev_return": 0.0, "boundary_trend": 1, "trend_ou": 0.028661501381430973}}