{"AAPL": {"p": 60.436847244641825, "d1_open": 60.64587781624768, "h1_open": 60.34576209807594, "m5_open": 60.34623991845419, "m1_open": 60.4066565065004, "band": {"m1": 0.0004997915774096854, "m5": 0.005804565029527933, "h1": 0.009477417794018728, "d1": 0.020619716581315454}, "garch_variance": 1.1638664330135937e-06, "prev_return": 0.00099958323804848, "boundary_trend": -1, "trend_ou": 0.11541253815978011}, "GOOG": {"p": 116.89835425519205, "d1_open": 115.96066030903073, "h1_open": 116.90937729849402, "m5_open": 116.90956551134133, "m1_open": 116.84044463682537, "band": {"m1": 0.0004956299040685332, "m5": 0.005796189823486065, "h1": 0.009451628847550507, "d1": 0.020509169501576042}, "garch_variance": 1.0861048015491959e-06, "prev_return": 0.0009912598893042556, "boundary_trend": -1, "trend_ou": 0.07222900979693127}, "AMZN": {"p": 46.95880979311225, "d1_open": 46.96789998105076, "h1_open": 46.998622621007485, "m5_open": 46.950708370044566, "m1_open": 46.93528921608984, "band": {"m1": 0.000501127774330319, "m5": 0.005807254073959209, "h1": 0.009485697903492116, "d1": 0.020655210156957777}, "garch_variance": 1.1903465724885652e-06, "prev_return": 0.0010022556325591692, "boundary_trend": -1, "trend_ou": 0.057797045859948125}, "MSFT": {"p": 167.6343176447364, "d1_open": 167.62666310367777, "h1_open": 168.18314018534795, "m5_open": 167.71710903033275, "m1_open": 167.72036643656625, "band": {"m1": 0.0005130491523365387, "m5": 0.0058312453844058506, "h1": 0.009559571981063207, "d1": 0.020971879298676704}, "garch_variance": 1.2214053404321034e-06, "prev_return": 0.0, "boundary_trend": 1, "trend_ou": 0.08968024896249521}, "NVDA": {"p": 89.66432610135233, "d1_open": 90.12941982896956, "h1_open": 89.81824119997734, "m5_open": 89.71985555230542, "m1_open": 89.63064253296213, "band": {"m1": 0.0004873141624213949, "m5": 0.00577945471624037, "h1": 0.00940009808129334, "d1": 0.020288277355652834}, "garch_variance": 1.0376979239304644e-06, "prev_return": 0.0008631665025609949, "boundary_trend": 0, "trend_ou": 0.029910082606521594}}