{"AAPL": {"p": 60.134444289301506, "d1_open": 60.64587781624768, "h1_open": 60.01860933966563, "m5_open": 60.16500638409929, "m1_open": 60.16500638409929, "band": {"m1": 0.0005079712715840056, "m5": 0.005821026346515979, "h1": 0.009528105504921468, "d1": 0.020836994880212935}, "garch_variance": 1.059993775685428e-06, "prev_return": 0.0, "boundary_trend": 1, "trend_ou": 0.1373508351015467}, "GOOG": {"p": 116.72642479978454, "d1_open": 115.96066030903073, "h1_open": 116.59098795459168, "m5_open": 116.66630908585559, "m1_open": 116.66630908585559, "band": {"m1": 0.0005152791272817113, "m5": 0.005835733122414825, "h1": 0.009573390630383389, "d1": 0.021031114418272285}, "garch_variance": 1.2265372564949578e-06, "prev_return": 0.0, "boundary_trend": -1, "trend_ou": 0.08837482938963323}, "AMZN": {"p": 46.854839420213615, "d1_open": 46.96789998105076, "h1_open": 46.82840694605855, "m5_open": 46.829278464686965, "m1_open": 46.829278464686965, "band": {"m1": 0.0005458327859123619, "m5": 0.005897221174308337, "h1": 0.009762724728050936, "d1": 0.021842715296114867}, "garch_variance": 1.2767915079503494e-06, "prev_return": 0.0, "boundary_trend": -1, "trend_ou": 0.06104248424750905}, "MSFT": {"p": 168.9110483646276, "d1_open": 167.62666310367777, "h1_open": 168.69620816167418, "m5_open": 168.8620695555655, "m1_open": 168.8620695555655, "band": {"m1": 0.0005103975164819115, "m5": 0.00582590907018558, "h1": 0.009543140394654924, "d1": 0.0209014435445384}, "garch_variance": 1.1996332847143854e-06, "prev_return": 0.0008005379228254019, "boundary_trend": 0, "trend_ou": 0.0911314262324013}, "NVDA": {"p": 89.67482421095193, "d1_open": 90.12941982896956, "h1_open": 89.72055995998423, "m5_open": 89.72212273680886, "m1_open": 89.72212273680886, "band": {"m1": 0.0005271668169920292, "m5": 0.00585965663647375, "h1": 0.009647055949220098, "d1": 0.02134688869332868}, "garch_variance": 1.2068735711697011e-06, "prev_return": -0.0010543337316522398, "boundary_trend": 1, "trend_ou": 0.01649185581958016}}