{"AAPL": {"p": 59.9266869974478, "d1_open": 60.64587781624768, "h1_open": 59.45028971705123, "m5_open": 59.98773416707639, "m1_open": 59.95693723705615, "band": {"m1": 0.000504532769723485, "m5": 0.005814106495005183, "h1": 0.009506797888214747, "d1": 0.02074565750022197}, "garch_variance": 1.0307427049819528e-06, "prev_return": -0.0010090656250673641, "boundary_trend": 1, "trend_ou": 0.14272902923474567}, "GOOG": {"p": 116.48826065373854, "d1_open": 115.96066030903073, "h1_open": 116.54179725422264, "m5_open": 116.28723198350141, "m1_open": 116.42734202432256, "band": {"m1": 0.0005232330168908343, "m5": 0.0058517400164812, "h1": 0.009622679081573318, "d1": 0.021242394640620235}, "garch_variance": 1.133289814428638e-06, "prev_return": 0.0, "boundary_trend": -1, "trend_ou": 0.07856439568524995}, "AMZN": {"p": 46.786485965686126, "d1_open": 46.96789998105076, "h1_open": 46.9213797279267, "m5_open": 46.88369733097684, "m1_open": 46.810858405299165, "band": {"m1": 0.0005206578226363104, "m5": 0.005846557538013656, "h1": 0.009606721186435687, "d1": 0.02117398941482216}, "garch_variance": 1.1261109125590484e-06, "prev_return": -0.0010413157393673277, "boundary_trend": 1, "trend_ou": 0.06151366095520051}, "MSFT": {"p": 168.51057886574625, "d1_open": 167.62666310367777, "h1_open": 167.82975859843555, "m5_open": 168.34029677197125, "m1_open": 168.42638303375588, "band": {"m1": 0.000499896931073338, "m5": 0.005804777049686179, "h1": 0.009478070646794389, "d1": 0.02062251510462613}, "garch_variance": 1.01692935221495e-06, "prev_return": 0.0009997939454285786, "boundary_trend": -1, "trend_ou": 0.0862907378257069}, "NVDA": {"p": 89.62686701872714, "d1_open": 90.12941982896956, "h1_open": 89.31770008616805, "m5_open": 89.53210748612372, "m1_open": 89.57985328512869, "band": {"m1": 0.000524824855973106, "m5": 0.00585494353083868, "h1": 0.009632543347582087, "d1": 0.02128467887283522}, "garch_variance": 1.049242815253964e-06, "prev_return": 0.001049649808318245, "boundary_trend": -1, "trend_ou": 0.011959351547306839}}