{"AAPL": {"p": 59.65557664163333, "d1_open": 60.64587781624768, "h1_open": 59.45028971705123, "m5_open": 59.688333043121425, "m1_open": 59.688333043121425, "band": {"m1": 0.0005487906902078927, "m5": 0.005903173841876508, "h1": 0.009781054190572961, "d1": 0.02192128649938212}, "garch_variance": 1.11123323646959e-06, "prev_return": -0.0006241037602814734, "boundary_trend": 1, "trend_ou": 0.14070191236801285}, "GOOG": {"p": 116.27629175215245, "d1_open": 115.96066030903073, "h1_open": 116.54179725422264, "m5_open": 116.28086377810278, "m1_open": 116.28086377810278, "band": {"m1": 0.0005544680801908535, "m5": 0.005914599368819518, "h1": 0.009816235689539253, "d1": 0.02207209576087604}, "garch_variance": 1.2252687260096238e-06, "prev_return": -0.0005936340091098817, "boundary_trend": 0, "trend_ou": 0.07420740302830495}, "AMZN": {"p": 46.92082106926556, "d1_open": 46.96789998105076, "h1_open": 46.9213797279267, "m5_open": 46.89411419996188, "m1_open": 46.89411419996188, "band": {"m1": 0.0005695143145213578, "m5": 0.005944879331311075, "h1": 0.009909473793515537, "d1": 0.022471770874697344}, "garch_variance": 1.2164543987090488e-06, "prev_return": 0.0, "boundary_trend": -1, "trend_ou": 0.04989276589072312}, "MSFT": {"p": 168.488159622267, "d1_open": 167.62666310367777, "h1_open": 167.82975859843555, "m5_open": 168.58170731419355, "m1_open": 168.58170731419355, "band": {"m1": 0.0005549100991852441, "m5": 0.00591548891488644, "h1": 0.009818974781065627, "d1": 0.022083837169923227}, "garch_variance": 1.166156866716641e-06, "prev_return": 0.0, "boundary_trend": 1, "trend_ou": 0.09814846495652228}, "NVDA": {"p": 89.14949681076891, "d1_open": 90.12941982896956, "h1_open": 89.31770008616805, "m5_open": 89.19960372003932, "m1_open": 89.19960372003932, "band": {"m1": 0.0005950966198175622, "m5": 0.005996362727608195, "h1": 0.010068001541307206, "d1": 0.023151317035981216}, "garch_variance": 1.3984457404330222e-06, "prev_return": -0.0011568166011831928, "boundary_trend": 0, "trend_ou": 0.009480428014630582}}