{"AAPL": {"p": 59.62223740766074, "d1_open": 60.64587781624768, "h1_open": 59.45028971705123, "m5_open": 59.655987320050684, "m1_open": 59.655741645424406, "band": {"m1": 0.0005616263722409574, "m5": 0.005929005153683662, "h1": 0.009860594002974999, "d1": 0.022262242419970078}, "garch_variance": 1.1213185209896771e-06, "prev_return": -0.00032694014264867636, "boundary_trend": 1, "trend_ou": 0.140246883590043}, "GOOG": {"p": 116.28049078497693, "d1_open": 115.96066030903073, "h1_open": 116.54179725422264, "m5_open": 116.34645087729514, "m1_open": 116.21553528207971, "band": {"m1": 0.0005589227183746149, "m5": 0.0059235641552341685, "h1": 0.009843840072737791, "d1": 0.022190424904502227}, "garch_variance": 1.1929950479303765e-06, "prev_return": 0.0, "boundary_trend": -1, "trend_ou": 0.07049776955578926}, "AMZN": {"p": 46.84029402388624, "d1_open": 46.96789998105076, "h1_open": 46.9213797279267, "m5_open": 46.81308181015613, "m1_open": 46.81319163506983, "band": {"m1": 0.0005789476826891715, "m5": 0.005963863618543087, "h1": 0.009967930238015673, "d1": 0.022722350681802}, "garch_variance": 1.3047461570928742e-06, "prev_return": 0.0, "boundary_trend": -1, "trend_ou": 0.04246528149166231}, "MSFT": {"p": 168.43652232901866, "d1_open": 167.62666310367777, "h1_open": 167.82975859843555, "m5_open": 168.34211702501537, "m1_open": 168.34191988736856, "band": {"m1": 0.0005619660374158373, "m5": 0.005929688716662221, "h1": 0.009862698831079954, "d1": 0.02227126499096354}, "garch_variance": 1.1669493974055455e-06, "prev_return": 0.0, "boundary_trend": -1, "trend_ou": 0.09754173078024805}, "NVDA": {"p": 89.199852375708, "d1_open": 90.12941982896956, "h1_open": 89.31770008616805, "m5_open": 89.31871586860353, "m1_open": 89.2142974617033, "band": {"m1": 0.0005903543541395946, "m5": 0.005986819102027225, "h1": 0.010038614795716709, "d1": 0.023025347605160246}, "garch_variance": 1.4843432372239783e-06, "prev_return": -0.0007521077465468554, "boundary_trend": 0, "trend_ou": 0.0049881217096292224}}