{"AAPL": {"p": 60.16500638409929, "d1_open": 60.64587781624768, "h1_open": 60.01860933966563, "m5_open": 60.011062434792, "m1_open": 60.13431212274692, "band": {"m1": 0.0005104284104842856, "m5": 0.0058259712431660456, "h1": 0.009543331837785633, "d1": 0.02090226418601214}, "garch_variance": 1.089599481226147e-06, "prev_return": 0.00013821675045729703, "boundary_trend": -1, "trend_ou": 0.13634632754209808}, "GOOG": {"p": 116.66630908585559, "d1_open": 115.96066030903073, "h1_open": 116.59098795459168, "m5_open": 116.6507747051126, "m1_open": 116.60660312530865, "band": {"m1": 0.0005120289841799195, "m5": 0.005829192335593837, "h1": 0.00955325023021374, "d1": 0.020944780436917852}, "garch_variance": 1.2086540478905247e-06, "prev_return": 0.0010240580578536232, "boundary_trend": -1, "trend_ou": 0.08825019128574492}, "AMZN": {"p": 46.829278464686965, "d1_open": 46.96789998105076, "h1_open": 46.82840694605855, "m5_open": 46.85485174220671, "m1_open": 46.854957306105895, "band": {"m1": 0.0005480496172725475, "m5": 0.005901682461362762, "h1": 0.009776461929553894, "d1": 0.021901601280922944}, "garch_variance": 1.3372630772163063e-06, "prev_return": 0.0, "boundary_trend": 1, "trend_ou": 0.058734170205216485}, "MSFT": {"p": 168.8620695555655, "d1_open": 167.62666310367777, "h1_open": 168.69620816167418, "m5_open": 168.94395222538773, "m1_open": 168.77648169101997, "band": {"m1": 0.0005071077657740678, "m5": 0.00581928857459499, "h1": 0.00952275455512748, "d1": 0.020814057461102525}, "garch_variance": 1.2495832780845288e-06, "prev_return": 0.0, "boundary_trend": -1, "trend_ou": 0.09036698175622931}, "NVDA": {"p": 89.72212273680886, "d1_open": 90.12941982896956, "h1_open": 89.72055995998423, "m5_open": 89.57995899358836, "m1_open": 89.67479683322264, "band": {"m1": 0.000527750329607434, "m5": 0.005860830932960147, "h1": 0.009650671844646921, "d1": 0.021362388616156896}, "garch_variance": 1.1818507502974245e-06, "prev_return": 0.001055500757207747, "boundary_trend": -1, "trend_ou": 0.013269023788349274}}