{"AAPL": {"p": 60.31475777782906, "d1_open": 60.64587781624768, "h1_open": 60.34576209807594, "m5_open": 60.34576209807594, "m1_open": 60.344296126874326, "band": {"m1": 0.0004894969523410053, "m5": 0.005783847496217135, "h1": 0.009413624335704413, "d1": 0.020346259093169686}, "garch_variance": 1.0868561256015682e-06, "prev_return": -0.0006156044704805478, "boundary_trend": 1, "trend_ou": 0.10168584593688108}, "GOOG": {"p": 116.8514636427127, "d1_open": 115.96066030903073, "h1_open": 116.90937729849402, "m5_open": 116.90937729849402, "m1_open": 116.90960849477779, "band": {"m1": 0.0004973487877831508, "m5": 0.0057996490102342375, "h1": 0.009462280380351757, "d1": 0.020554828437173808}, "garch_variance": 1.0582541648953412e-06, "prev_return": -7.310471697523492e-05, "boundary_trend": 1, "trend_ou": 0.07403195769849676}, "AMZN": {"p": 46.92763206194993, "d1_open": 46.96789998105076, "h1_open": 46.998622621007485, "m5_open": 46.998622621007485, "m1_open": 46.95119240433888, "band": {"m1": 0.0005018049847607061, "m5": 0.0058086169336608855, "h1": 0.009489894423042145, "d1": 0.02067319898724585}, "garch_variance": 1.0963840232856864e-06, "prev_return": 0.0, "boundary_trend": 1, "trend_ou": 0.05834775457915181}, "MSFT": {"p": 167.92418838469848, "d1_open": 167.62666310367777, "h1_open": 168.18314018534795, "m5_open": 168.18314018534795, "m1_open": 168.0100592763853, "band": {"m1": 0.0005111056567485322, "m5": 0.005827334174981972, "h1": 0.009547528579389964, "d1": 0.02092025396815976}, "garch_variance": 1.1379626354994085e-06, "prev_return": 0.0, "boundary_trend": 1, "trend_ou": 0.1005180798700457}, "NVDA": {"p": 89.68045190444452, "d1_open": 90.12941982896956, "h1_open": 89.81824119997734, "m5_open": 89.81824119997734, "m1_open": 89.72601627343045, "band": {"m1": 0.0005078166944029296, "m5": 0.005820715265939787, "h1": 0.00952714762516465, "d1": 0.020832888826094433}, "garch_variance": 1.0916610642152868e-06, "prev_return": 0.0, "boundary_trend": 1, "trend_ou": 0.03585942881678819}}