{"AAPL": {"p": 60.42165548710448, "d1_open": 60.64587781624768, "h1_open": 60.01860933966563, "m5_open": 60.421415236362286, "m1_open": 60.45227359994627, "band": {"m1": 0.0005064840578934047, "m5": 0.0058180333866976516, "h1": 0.009518889578751948, "d1": 0.02079748982612359}, "garch_variance": 1.1055437531742076e-06, "prev_return": 0.0, "boundary_trend": 1, "trend_ou": 0.11757306687535797}, "GOOG": {"p": 116.64726288370589, "d1_open": 115.96066030903073, "h1_open": 116.59098795459168, "m5_open": 116.76398215485752, "m1_open": 116.58830405803978, "band": {"m1": 0.0005057010318698654, "m5": 0.005816457577222545, "h1": 0.009514037343953844, "d1": 0.020776690202230413}, "garch_variance": 1.1836673013806253e-06, "prev_return": 0.0, "boundary_trend": -1, "trend_ou": 0.07756820342658016}, "AMZN": {"p": 46.78618269106539, "d1_open": 46.96789998105076, "h1_open": 46.82840694605855, "m5_open": 46.833698801661114, "m1_open": 46.80989176629972, "band": {"m1": 0.0005064971171627469, "m5": 0.005818059667970239, "h1": 0.00951897050408423, "d1": 0.020797836721223466}, "garch_variance": 1.0767504987582713e-06, "prev_return": 0.0, "boundary_trend": 1, "trend_ou": 0.07452527414851706}, "MSFT": {"p": 168.60849233921596, "d1_open": 167.62666310367777, "h1_open": 168.69620816167418, "m5_open": 168.78202822370451, "m1_open": 168.6962453266292, "band": {"m1": 0.0005201834056432661, "m5": 0.005845602792232141, "h1": 0.009603781331854537, "d1": 0.021161387413449015}, "garch_variance": 1.3168298338474346e-06, "prev_return": -0.0010403669051244704, "boundary_trend": 1, "trend_ou": 0.11054020048273097}, "NVDA": {"p": 89.88433111061063, "d1_open": 90.12941982896956, "h1_open": 89.72055995998423, "m5_open": 89.89633549011951, "m1_open": 89.85089702161625, "band": {"m1": 0.0005064065076626341, "m5": 0.005817877319868745, "h1": 0.009518409017548319, "d1": 0.020795429849080217}, "garch_variance": 1.2216664119790167e-06, "prev_return": -0.00013424119534663105, "boundary_trend": -1, "trend_ou": 0.031258079252824415}}