{"AAPL": {"p": 60.072768350334655, "d1_open": 60.64587781624768, "h1_open": 60.01860933966563, "m5_open": 60.011062434792, "m1_open": 60.041915663904916, "band": {"m1": 0.0005138524660412459, "m5": 0.005832862022051735, "h1": 0.009564549934023387, "d1": 0.020993217826929728}, "garch_variance": 1.1280662950622659e-06, "prev_return": 0.0, "boundary_trend": -1, "trend_ou": 0.13694472304447122}, "GOOG": {"p": 116.53542849690265, "d1_open": 115.96066030903073, "h1_open": 116.59098795459168, "m5_open": 116.6507747051126, "m1_open": 116.59334614869587, "band": {"m1": 0.0004967492031608266, "m5": 0.005798442369457835, "h1": 0.00945856489034071, "d1": 0.020538901591498734}, "garch_variance": 1.1375924099964498e-06, "prev_return": -0.0009934984880402282, "boundary_trend": 1, "trend_ou": 0.08780617667508571}, "AMZN": {"p": 46.85478296770094, "d1_open": 46.96789998105076, "h1_open": 46.82840694605855, "m5_open": 46.85485174220671, "m1_open": 46.82878030054585, "band": {"m1": 0.0005552710745017393, "m5": 0.005916215363697734, "h1": 0.009821211663288308, "d1": 0.022093425805028714}, "garch_variance": 1.3445949774789394e-06, "prev_return": 0.0, "boundary_trend": -1, "trend_ou": 0.060073900703211495}, "MSFT": {"p": 168.9448318460538, "d1_open": 167.62666310367777, "h1_open": 168.69620816167418, "m5_open": 168.94395222538773, "m1_open": 168.86155935281286, "band": {"m1": 0.0004931406150700785, "m5": 0.005791180226011497, "h1": 0.009436203287814648, "d1": 0.020443046188464112}, "garch_variance": 1.1399553230338294e-06, "prev_return": 0.0, "boundary_trend": -1, "trend_ou": 0.08780068569320083}, "NVDA": {"p": 89.67482995552322, "d1_open": 90.12941982896956, "h1_open": 89.72055995998423, "m5_open": 89.57995899358836, "m1_open": 89.62731748233206, "band": {"m1": 0.000530111516508507, "m5": 0.00586558272993669, "h1": 0.009665303584719143, "d1": 0.021425109136302356}, "garch_variance": 1.257902591750343e-06, "prev_return": 0.0, "boundary_trend": -1, "trend_ou": 0.01468289304722003}}