{"AAPL": {"p": 60.13431212274692, "d1_open": 60.64587781624768, "h1_open": 60.01860933966563, "m5_open": 60.011062434792, "m1_open": 60.10353923331033, "band": {"m1": 0.0005119979593403407, "m5": 0.005829129899308577, "h1": 0.00955305797631453, "d1": 0.020943956319998125}, "garch_variance": 1.1245448650297126e-06, "prev_return": 0.0, "boundary_trend": -1, "trend_ou": 0.13773777430078463}, "GOOG": {"p": 116.60660312530865, "d1_open": 115.96066030903073, "h1_open": 116.59098795459168, "m5_open": 116.6507747051126, "m1_open": 116.59406028333407, "band": {"m1": 0.0005086218342020123, "m5": 0.005822335578529713, "h1": 0.009532136894017794, "d1": 0.020854275861134024}, "garch_variance": 1.233935051283797e-06, "prev_return": 0.0006163224637690813, "boundary_trend": 0, "trend_ou": 0.09122644679495075}, "AMZN": {"p": 46.854957306105895, "d1_open": 46.96789998105076, "h1_open": 46.82840694605855, "m5_open": 46.85485174220671, "m1_open": 46.88065395717449, "band": {"m1": 0.0005481291086951788, "m5": 0.005901842434764931, "h1": 0.00977695451988352, "d1": 0.021903712822102624}, "garch_variance": 1.2421013623035874e-06, "prev_return": -0.0010962583271791268, "boundary_trend": 1, "trend_ou": 0.05853492754481708}, "MSFT": {"p": 168.77648169101997, "d1_open": 167.62666310367777, "h1_open": 168.69620816167418, "m5_open": 168.94395222538773, "m1_open": 168.86102762659837, "band": {"m1": 0.0005006835311067449, "m5": 0.0058063600517174, "h1": 0.009482945028921608, "d1": 0.02064340966541643}, "garch_variance": 1.1696078849779559e-06, "prev_return": -0.001001367145889091, "boundary_trend": 1, "trend_ou": 0.08796642865224023}, "NVDA": {"p": 89.67479683322264, "d1_open": 90.12941982896956, "h1_open": 89.72055995998423, "m5_open": 89.57995899358836, "m1_open": 89.72230120839306, "band": {"m1": 0.0005294600621097555, "m5": 0.005864271703248825, "h1": 0.009661266669459658, "d1": 0.02140780446689132}, "garch_variance": 1.2293758526107096e-06, "prev_return": 0.0, "boundary_trend": 1, "trend_ou": 0.016110505743036158}}