{"AAPL": {"p": 60.16480523642207, "d1_open": 60.64587781624768, "h1_open": 60.01860933966563, "m5_open": 60.16500638409929, "m1_open": 60.134444289301506, "band": {"m1": 0.0005048844714436899, "m5": 0.005814814281063947, "h1": 0.009508977304063046, "d1": 0.020754999799561885}, "garch_variance": 1.0327945226031767e-06, "prev_return": 0.0010097690286869267, "boundary_trend": -1, "trend_ou": 0.1368125648972438}, "GOOG": {"p": 116.66618038740019, "d1_open": 115.96066030903073, "h1_open": 116.59098795459168, "m5_open": 116.66630908585559, "m1_open": 116.72642479978454, "band": {"m1": 0.0005161163163155945, "m5": 0.005837417932845627, "h1": 0.009578578501080761, "d1": 0.021053352781377453}, "garch_variance": 1.179352785715563e-06, "prev_return": -0.001032232724285234, "boundary_trend": 1, "trend_ou": 0.08997338692094314}, "AMZN": {"p": 46.85375229342459, "d1_open": 46.96789998105076, "h1_open": 46.82840694605855, "m5_open": 46.829278464686965, "m1_open": 46.854839420213615, "band": {"m1": 0.0005421176911858333, "m5": 0.005889744690392105, "h1": 0.009739703128042251, "d1": 0.02174403074321834}, "garch_variance": 1.2235765269963075e-06, "prev_return": -0.0005651730848238565, "boundary_trend": 0, "trend_ou": 0.06233316103134454}, "MSFT": {"p": 168.99765496110905, "d1_open": 167.62666310367777, "h1_open": 168.69620816167418, "m5_open": 168.8620695555655, "m1_open": 168.9110483646276, "band": {"m1": 0.0005127349413788194, "m5": 0.005830613047051188, "h1": 0.0095576248869729, "d1": 0.02096353287142243}, "garch_variance": 1.1941289485015556e-06, "prev_return": 0.001025469972621914, "boundary_trend": -1, "trend_ou": 0.09038484435034343}, "NVDA": {"p": 89.7223212528307, "d1_open": 90.12941982896956, "h1_open": 89.72055995998423, "m5_open": 89.72212273680886, "m1_open": 89.67482421095193, "band": {"m1": 0.000529658600356206, "m5": 0.0058646712537625025, "h1": 0.009662496965975, "d1": 0.021413078264607407}, "garch_variance": 1.2954430967533053e-06, "prev_return": 0.0, "boundary_trend": -1, "trend_ou": 0.012913648750920005}}