{"AAPL": {"p": 59.7574988696473, "d1_open": 60.64587781624768, "h1_open": 59.45028971705123, "m5_open": 59.7249109543549, "m1_open": 59.7249109543549, "band": {"m1": 0.0005456335517570305, "m5": 0.005896820223305052, "h1": 0.009761490119145986, "d1": 0.02183742301287907}, "garch_variance": 1.17696352943009e-06, "prev_return": 0.0, "boundary_trend": -1, "trend_ou": 0.1390981041778735}, "GOOG": {"p": 116.26548406598684, "d1_open": 115.96066030903073, "h1_open": 116.54179725422264, "m5_open": 116.32718278656239, "m1_open": 116.32718278656239, "band": {"m1": 0.000530389536629174, "m5": 0.005866142234636723, "h1": 0.009667026412394749, "d1": 0.02143249422156232}, "garch_variance": 1.0160740085679613e-06, "prev_return": -0.0009922468028849987, "boundary_trend": 1, "trend_ou": 0.07853482611372288}, "AMZN": {"p": 46.886814595738215, "d1_open": 46.96789998105076, "h1_open": 46.9213797279267, "m5_open": 46.861483199341926, "m1_open": 46.861483199341926, "band": {"m1": 0.0005405589978562623, "m5": 0.0058866078805752085, "h1": 0.009730044258750613, "d1": 0.021702626966019024}, "garch_variance": 1.0955117734102115e-06, "prev_return": 8.167732779138305e-05, "boundary_trend": -1, "trend_ou": 0.05626673074929677}, "MSFT": {"p": 168.43359869608577, "d1_open": 167.62666310367777, "h1_open": 167.82975859843555, "m5_open": 168.5269736363333, "m1_open": 168.5269736363333, "band": {"m1": 0.0005540652527769071, "m5": 0.00591378869428681, "h1": 0.009813739459354277, "d1": 0.022061395402967022}, "garch_variance": 1.1882371674463476e-06, "prev_return": -0.0011081306189481726, "boundary_trend": 1, "trend_ou": 0.09684946274253967}, "NVDA": {"p": 89.35784365552826, "d1_open": 90.12941982896956, "h1_open": 89.31770008616805, "m5_open": 89.30749152567925, "m1_open": 89.30749152567925, "band": {"m1": 0.0005638063390741708, "m5": 0.005933392252308646, "h1": 0.00987410276335951, "d1": 0.022320149167469338}, "garch_variance": 1.2023058026330756e-06, "prev_return": 0.0011276127976294786, "boundary_trend": -1, "trend_ou": 0.016724265265453293}}