{"AAPL": {"p": 59.655741645424406, "d1_open": 60.64587781624768, "h1_open": 59.45028971705123, "m5_open": 59.655987320050684, "m1_open": 59.62197310519808, "band": {"m1": 0.0005663774354924517, "m5": 0.005938566484039831, "h1": 0.009890035265134704, "d1": 0.022388445541900955}, "garch_variance": 1.1605892283973604e-06, "prev_return": 0.0, "boundary_trend": -1, "trend_ou": 0.13936868638419492}, "GOOG": {"p": 116.21553528207971, "d1_open": 115.96066030903073, "h1_open": 116.54179725422264, "m5_open": 116.34645087729514, "m1_open": 116.28059613680963, "band": {"m1": 0.000559516006035787, "m5": 0.005924758123620702, "h1": 0.009847516541907759, "d1": 0.022206184483164845}, "garch_variance": 1.0712807946405863e-06, "prev_return": -0.001119032128845655, "boundary_trend": 1, "trend_ou": 0.07072002641540455}, "AMZN": {"p": 46.81319163506983, "d1_open": 46.96789998105076, "h1_open": 46.9213797279267, "m5_open": 46.81308181015613, "m1_open": 46.786087468445515, "band": {"m1": 0.0005793210779292368, "m5": 0.005964615061968422, "h1": 0.009970244083689794, "d1": 0.022732269228981}, "garch_variance": 1.3690297239691754e-06, "prev_return": 0.0, "boundary_trend": -1, "trend_ou": 0.045439022443577046}, "MSFT": {"p": 168.34191988736856, "d1_open": 167.62666310367777, "h1_open": 167.82975859843555, "m5_open": 168.34211702501537, "m1_open": 168.2469322183382, "band": {"m1": 0.0005645729629535078, "m5": 0.005934935053105281, "h1": 0.009878853357787475, "d1": 0.02234051309903532}, "garch_variance": 1.2124424970517562e-06, "prev_return": 0.0, "boundary_trend": -1, "trend_ou": 0.09646926039858236}, "NVDA": {"p": 89.2142974617033, "d1_open": 90.12941982896956, "h1_open": 89.31770008616805, "m5_open": 89.31871586860353, "m1_open": 89.26657456106192, "band": {"m1": 0.0005856290511390256, "m5": 0.005977309613176025, "h1": 0.01000933316399353, "d1": 0.02289982875618395}, "garch_variance": 1.3860474255983876e-06, "prev_return": -0.001171258236176653, "boundary_trend": 1, "trend_ou": 0.0030682898105223897}}