{"AAPL": {"p": 60.31575790160976, "d1_open": 60.64587781624768, "h1_open": 60.34576209807594, "m5_open": 60.25540657944253, "m1_open": 60.285495618108605, "band": {"m1": 0.0005019828267292871, "m5": 0.005808974833718785, "h1": 0.009490996469414259, "d1": 0.020677923026993835}, "garch_variance": 1.208783002778783e-06, "prev_return": 0.001003965737787324, "boundary_trend": -1, "trend_ou": 0.10435569002732888}, "GOOG": {"p": 116.85160080758297, "d1_open": 115.96066030903073, "h1_open": 116.90937729849402, "m5_open": 116.85159174149844, "m1_open": 116.79377078621613, "band": {"m1": 0.0004951464532530605, "m5": 0.005795216897487608, "h1": 0.009448633012419251, "d1": 0.020496327533582145}, "garch_variance": 1.1165772512307836e-06, "prev_return": 0.0009902929874362467, "boundary_trend": -1, "trend_ou": 0.07505885964151536}, "AMZN": {"p": 46.92755282811, "d1_open": 46.96789998105076, "h1_open": 46.998622621007485, "m5_open": 46.92746197939747, "m1_open": 46.950645767167806, "band": {"m1": 0.0004918556215887138, "m5": 0.005788594226514019, "h1": 0.00942824047444935, "d1": 0.020408912736555623}, "garch_variance": 1.0429308295357205e-06, "prev_return": -0.0009837113225046278, "boundary_trend": 1, "trend_ou": 0.06455669745994509}, "MSFT": {"p": 167.8007135988125, "d1_open": 167.62666310367777, "h1_open": 168.18314018534795, "m5_open": 167.92348178993907, "m1_open": 167.83960978797822, "band": {"m1": 0.0004995380831635919, "m5": 0.005804054882198381, "h1": 0.00947584694762916, "d1": 0.02061298298010767}, "garch_variance": 1.1357617555711324e-06, "prev_return": 0.0002678898521455647, "boundary_trend": 1, "trend_ou": 0.09067751392105744}, "NVDA": {"p": 89.68139914824575, "d1_open": 90.12941982896956, "h1_open": 89.81824119997734, "m5_open": 89.77038477332918, "m1_open": 89.7258715042619, "band": {"m1": 0.0004956469663718282, "m5": 0.005796224160709082, "h1": 0.009451734578776924, "d1": 0.02050962272979659}, "garch_variance": 1.107415341555136e-06, "prev_return": -0.000991294013919298, "boundary_trend": 1, "trend_ou": 0.03256211952089401}}