{"AAPL": {"p": 60.34562899932582, "d1_open": 60.64587781624768, "h1_open": 60.01860933966563, "m5_open": 60.37551548068283, "m1_open": 60.37551548068283, "band": {"m1": 0.0004950099575807757, "m5": 0.005794942205245931, "h1": 0.00944778717967431, "d1": 0.02049270178097467}, "garch_variance": 1.1123377877584937e-06, "prev_return": 0.0, "boundary_trend": 1, "trend_ou": 0.08954368545028268}, "GOOG": {"p": 116.85055792008802, "d1_open": 115.96066030903073, "h1_open": 116.59098795459168, "m5_open": 116.7909993158853, "m1_open": 116.7909993158853, "band": {"m1": 0.0005099588542918824, "m5": 0.005825026279557123, "h1": 0.009540422104484374, "d1": 0.020889791302729725}, "garch_variance": 1.1749226432354189e-06, "prev_return": 0.0010199177969960717, "boundary_trend": -1, "trend_ou": 0.080137151364102}, "AMZN": {"p": 46.951239494001484, "d1_open": 46.96789998105076, "h1_open": 46.82840694605855, "m5_open": 46.96403786112757, "m1_open": 46.96403786112757, "band": {"m1": 0.0005016424478812336, "m5": 0.005808289834500669, "h1": 0.009488887218838397, "d1": 0.020668881498605407}, "garch_variance": 1.195532909294487e-06, "prev_return": 0.0002292169755190799, "boundary_trend": 1, "trend_ou": 0.05858179126020979}, "MSFT": {"p": 168.1717581091037, "d1_open": 167.62666310367777, "h1_open": 168.69620816167418, "m5_open": 168.2559507026151, "m1_open": 168.2559507026151, "band": {"m1": 0.0005003840468039065, "m5": 0.005805757351183993, "h1": 0.009481089192573858, "d1": 0.020635454424244755}, "garch_variance": 1.2140301157107388e-06, "prev_return": -0.0010007681771332056, "boundary_trend": 1, "trend_ou": 0.10004203004869631}, "NVDA": {"p": 89.81882163046295, "d1_open": 90.12941982896956, "h1_open": 89.72055995998423, "m5_open": 89.86629344433112, "m1_open": 89.86629344433112, "band": {"m1": 0.0005282493808157272, "m5": 0.005861835254143544, "h1": 0.00965376435187672, "d1": 0.021375644979449927}, "garch_variance": 1.3120253202775694e-06, "prev_return": -3.371914921610073e-05, "boundary_trend": 1, "trend_ou": 0.03231367076153037}}