{"AAPL": {"p": 60.42152338917878, "d1_open": 60.64587781624768, "h1_open": 60.01860933966563, "m5_open": 60.421415236362286, "m1_open": 60.45247134943478, "band": {"m1": 0.0005119387109438651, "m5": 0.005829010664210707, "h1": 0.009552690827429985, "d1": 0.02094238249700129}, "garch_variance": 1.1423719307750587e-06, "prev_return": 0.0, "boundary_trend": 1, "trend_ou": 0.12352080490893494}, "GOOG": {"p": 116.64715312288975, "d1_open": 115.96066030903073, "h1_open": 116.59098795459168, "m5_open": 116.76398215485752, "m1_open": 116.7056110064734, "band": {"m1": 0.0005009003687098814, "m5": 0.005806796428976023, "h1": 0.009484288722402853, "d1": 0.020649169551366}, "garch_variance": 1.1488721920015796e-06, "prev_return": -0.0010018008212042714, "boundary_trend": 1, "trend_ou": 0.07766224644683949}, "AMZN": {"p": 46.833788446593694, "d1_open": 46.96789998105076, "h1_open": 46.82840694605855, "m5_open": 46.833698801661114, "m1_open": 46.85784410926626, "band": {"m1": 0.0005133753617957024, "m5": 0.005831901868278884, "h1": 0.009561593427147554, "d1": 0.0209805444437128}, "garch_variance": 1.1476633506692554e-06, "prev_return": 0.0, "boundary_trend": 1, "trend_ou": 0.08249105871704204}, "MSFT": {"p": 168.6090762433711, "d1_open": 167.62666310367777, "h1_open": 168.69620816167418, "m5_open": 168.78202822370451, "m1_open": 168.69565460606836, "band": {"m1": 0.0005132222457029427, "m5": 0.005831593728086211, "h1": 0.009560644601423883, "d1": 0.020976477200676608}, "garch_variance": 1.2311779206442915e-06, "prev_return": -0.0010264445815266546, "boundary_trend": 1, "trend_ou": 0.10342386773958892}, "NVDA": {"p": 89.89618245510019, "d1_open": 90.12941982896956, "h1_open": 89.72055995998423, "m5_open": 89.89633549011951, "m1_open": 89.9415211886821, "band": {"m1": 0.0005040912470982849, "m5": 0.005813217947861987, "h1": 0.00950406187257575, "d1": 0.02073392927629529}, "garch_variance": 1.17750309351383e-06, "prev_return": 0.0, "boundary_trend": 1, "trend_ou": 0.031042798657655815}}