{"AAPL": {"p": 60.43949942294414, "d1_open": 60.64587781624768, "h1_open": 60.01860933966563, "m5_open": 60.39356694942597, "m1_open": 60.40848065866436, "band": {"m1": 0.0005134836026591382, "m5": 0.005832119698814611, "h1": 0.0095622641712459, "d1": 0.020983419660093424}, "garch_variance": 1.2113123795268656e-06, "prev_return": 0.001026967295577015, "boundary_trend": -1, "trend_ou": 0.12749416700910532}, "GOOG": {"p": 116.70553443524304, "d1_open": 115.96066030903073, "h1_open": 116.59098795459168, "m5_open": 116.82498612203729, "m1_open": 116.76430698557544, "band": {"m1": 0.0005033434604263681, "m5": 0.00581171305621402, "h1": 0.009499428008052792, "d1": 0.020714065719963023}, "garch_variance": 1.04096294938406e-06, "prev_return": -0.000652525449491173, "boundary_trend": 1, "trend_ou": 0.08122928487956475}, "AMZN": {"p": 46.85789353023561, "d1_open": 46.96789998105076, "h1_open": 46.82840694605855, "m5_open": 46.85821270257611, "m1_open": 46.88204591008991, "band": {"m1": 0.0005151733331053752, "m5": 0.005835520215741905, "h1": 0.009572735047850469, "d1": 0.021028304193564894}, "garch_variance": 1.2945848848804582e-06, "prev_return": 0.0, "boundary_trend": 1, "trend_ou": 0.08176665271066409}, "MSFT": {"p": 168.86773748197854, "d1_open": 167.62666310367777, "h1_open": 168.69620816167418, "m5_open": 168.6703282560144, "m1_open": 168.9165360211561, "band": {"m1": 0.0005055824664629244, "m5": 0.005816218968943815, "h1": 0.009513302620999415, "d1": 0.02077354073363425}, "garch_variance": 1.1714071651570183e-06, "prev_return": -0.0007943878671278867, "boundary_trend": 0, "trend_ou": 0.10148122003803449}, "NVDA": {"p": 89.85125447235858, "d1_open": 90.12941982896956, "h1_open": 89.72055995998423, "m5_open": 89.81012927451938, "m1_open": 89.86917860477331, "band": {"m1": 0.0005016166140098112, "m5": 0.0058082378448373094, "h1": 0.00948872713219234, "d1": 0.020668195270059822}, "garch_variance": 1.1043769511666354e-06, "prev_return": -0.0007009576757635171, "boundary_trend": 0, "trend_ou": 0.025780156879946187}}