{"AAPL": {"p": 59.62294505746193, "d1_open": 60.64587781624768, "h1_open": 59.45028971705123, "m5_open": 59.688333043121425, "m1_open": 59.65557664163333, "band": {"m1": 0.0005469997275765526, "m5": 0.005899569599106553, "h1": 0.009769956001061184, "d1": 0.021873712921980138}, "garch_variance": 1.1246259085249361e-06, "prev_return": -0.001093999564264685, "boundary_trend": 1, "trend_ou": 0.1386340046900217}, "GOOG": {"p": 116.3408501489432, "d1_open": 115.96066030903073, "h1_open": 116.54179725422264, "m5_open": 116.28086377810278, "m1_open": 116.27629175215245, "band": {"m1": 0.0005552154770154991, "m5": 0.005916103475914985, "h1": 0.00982086713826703, "d1": 0.02209194896164364}, "garch_variance": 1.2205246393010932e-06, "prev_return": 0.0011104310681331066, "boundary_trend": -1, "trend_ou": 0.07179797799298149}, "AMZN": {"p": 46.8942941936276, "d1_open": 46.96789998105076, "h1_open": 46.9213797279267, "m5_open": 46.89411419996188, "m1_open": 46.92082106926556, "band": {"m1": 0.0005653540375773702, "m5": 0.005936506935464292, "h1": 0.009883693500204056, "d1": 0.022361260887640625}, "garch_variance": 1.1704798708639631e-06, "prev_return": -0.0011307081956224512, "boundary_trend": 1, "trend_ou": 0.05487386254181675}, "MSFT": {"p": 168.5243673857853, "d1_open": 167.62666310367777, "h1_open": 167.82975859843555, "m5_open": 168.58170731419355, "m1_open": 168.488159622267, "band": {"m1": 0.0005519575003513844, "m5": 0.005909546924353922, "h1": 0.009800678195287113, "d1": 0.022005406896336493}, "garch_variance": 1.126218042710644e-06, "prev_return": 0.000766984767982654, "boundary_trend": 0, "trend_ou": 0.09705458794886923}, "NVDA": {"p": 89.20275223664991, "d1_open": 90.12941982896956, "h1_open": 89.31770008616805, "m5_open": 89.19960372003932, "m1_open": 89.14949681076891, "band": {"m1": 0.000597372142145158, "m5": 0.006000942127956136, "h1": 0.010082102437433129, "d1": 0.023211762036724086}, "garch_variance": 1.4912192094338237e-06, "prev_return": 0.0, "boundary_trend": -1, "trend_ou": 0.0024646614975093574}}