{"AAPL": {"p": 60.344296126874326, "d1_open": 60.64587781624768, "h1_open": 60.34576209807594, "m5_open": 60.34576209807594, "m1_open": 60.316365506648154, "band": {"m1": 0.000489129610923916, "m5": 0.005783108235875529, "h1": 0.009411348004199198, "d1": 0.02033650135449159}, "garch_variance": 1.1213348892557165e-06, "prev_return": -2.6048521477198397e-05, "boundary_trend": -1, "trend_ou": 0.09826412105631836}, "GOOG": {"p": 116.90960849477779, "d1_open": 115.96066030903073, "h1_open": 116.90937729849402, "m5_open": 116.90937729849402, "m1_open": 116.96812051917762, "band": {"m1": 0.0005002390748873836, "m5": 0.005805465600829837, "h1": 0.00948019083446448, "d1": 0.020631603516039793}, "garch_variance": 1.0889251873810694e-06, "prev_return": 0.0, "boundary_trend": 1, "trend_ou": 0.07252193954775324}, "AMZN": {"p": 46.95119240433888, "d1_open": 46.96789998105076, "h1_open": 46.998622621007485, "m5_open": 46.998622621007485, "m1_open": 46.97487183415363, "band": {"m1": 0.0005040871617138258, "m5": 0.005813209726184359, "h1": 0.009504036556374194, "d1": 0.020733820755687225}, "garch_variance": 1.1322545719155526e-06, "prev_return": 0.0, "boundary_trend": 1, "trend_ou": 0.0596362498657381}, "MSFT": {"p": 168.0100592763853, "d1_open": 167.62666310367777, "h1_open": 168.18314018534795, "m5_open": 168.18314018534795, "m1_open": 168.09643880351064, "band": {"m1": 0.0005138688703947338, "m5": 0.0058328950351763074, "h1": 0.009564651588083967, "d1": 0.02099365357794247}, "garch_variance": 1.1795029948856915e-06, "prev_return": 0.0, "boundary_trend": 1, "trend_ou": 0.10158262444624104}, "NVDA": {"p": 89.72601627343045, "d1_open": 90.12941982896956, "h1_open": 89.81824119997734, "m5_open": 89.81824119997734, "m1_open": 89.77196277332813, "band": {"m1": 0.0005118134713585548, "m5": 0.005828758624407101, "h1": 0.009551914746104877, "d1": 0.020939055741321808}, "garch_variance": 1.126887572971917e-06, "prev_return": 0.0, "boundary_trend": 1, "trend_ou": 0.03767532109689839}}