{"AAPL": {"p": 59.92666135596403, "d1_open": 60.64587781624768, "h1_open": 59.45028971705123, "m5_open": 59.98773416707639, "m1_open": 59.957120814023995, "band": {"m1": 0.0005080206928955406, "m5": 0.005821125804986895, "h1": 0.009528411757587904, "d1": 0.020838307665051924}, "garch_variance": 1.0091482882608773e-06, "prev_return": 0.0, "boundary_trend": 1, "trend_ou": 0.14440052444850554}, "GOOG": {"p": 116.4088270247407, "d1_open": 115.96066030903073, "h1_open": 116.54179725422264, "m5_open": 116.28723198350141, "m1_open": 116.34789243399719, "band": {"m1": 0.0005237274992161006, "m5": 0.005852735142964871, "h1": 0.009625743276470517, "d1": 0.02125552964006875}, "garch_variance": 1.1845423679948443e-06, "prev_return": 0.0, "boundary_trend": -1, "trend_ou": 0.07678471134054958}, "AMZN": {"p": 46.835251498171914, "d1_open": 46.96789998105076, "h1_open": 46.9213797279267, "m5_open": 46.88369733097684, "m1_open": 46.85957308290398, "band": {"m1": 0.0005190312914083502, "m5": 0.0058432842070597355, "h1": 0.009596641941062925, "d1": 0.021130783650549906}, "garch_variance": 1.2114035544409202e-06, "prev_return": 0.0, "boundary_trend": 1, "trend_ou": 0.06395742249838925}, "MSFT": {"p": 168.5106545560194, "d1_open": 167.62666310367777, "h1_open": 167.82975859843555, "m5_open": 168.34029677197125, "m1_open": 168.42578066068637, "band": {"m1": 0.0005039246070292063, "m5": 0.005812882591191976, "h1": 0.009503029241835987, "d1": 0.020729502794086304}, "garch_variance": 9.572535833235778e-07, "prev_return": 0.0, "boundary_trend": -1, "trend_ou": 0.08893742189721773}, "NVDA": {"p": 89.53242946077617, "d1_open": 90.12941982896956, "h1_open": 89.31770008616805, "m5_open": 89.53210748612372, "m1_open": 89.58028205558888, "band": {"m1": 0.0005341866950476365, "m5": 0.005873783868547237, "h1": 0.009690556542502936, "d1": 0.021533358643168445}, "garch_variance": 1.1121420651523295e-06, "prev_return": 0.0, "boundary_trend": 1, "trend_ou": 0.015348145857709451}}