{"AAPL": {"p": 60.4520660535103, "d1_open": 60.64587781624768, "h1_open": 60.01860933966563, "m5_open": 60.421415236362286, "m1_open": 60.42165548710448, "band": {"m1": 0.0005033057462701887, "m5": 0.0058116371579387816, "h1": 0.009499194301974712, "d1": 0.02071306391384113}, "garch_variance": 1.0728785027933028e-06, "prev_return": 0.00020748484757277728, "boundary_trend": -1, "trend_ou": 0.11565980808913531}, "GOOG": {"p": 116.58833929644231, "d1_open": 115.96066030903073, "h1_open": 116.59098795459168, "m5_open": 116.76398215485752, "m1_open": 116.64726288370589, "band": {"m1": 0.0005051433339016616, "m5": 0.005815335231711509, "h1": 0.009510581416044937, "d1": 0.020761875997292248}, "garch_variance": 1.1416272252149505e-06, "prev_return": 0.0, "boundary_trend": 1, "trend_ou": 0.08156235990972922}, "AMZN": {"p": 46.76267786385328, "d1_open": 46.96789998105076, "h1_open": 46.82840694605855, "m5_open": 46.833698801661114, "m1_open": 46.78618269106539, "band": {"m1": 0.0005023882236197827, "m5": 0.005809790679223299, "h1": 0.009493508622063048, "d1": 0.02068869163824849}, "garch_variance": 1.0475404389072787e-06, "prev_return": 0.0, "boundary_trend": 1, "trend_ou": 0.07118957975987407}, "MSFT": {"p": 168.5199691396183, "d1_open": 167.62666310367777, "h1_open": 168.69620816167418, "m5_open": 168.78202822370451, "m1_open": 168.60849233921596, "band": {"m1": 0.0005250221882037168, "m5": 0.005855340654292299, "h1": 0.00963376617069061, "d1": 0.02128992063499295}, "garch_variance": 1.3886938494591348e-06, "prev_return": 0.0, "boundary_trend": 1, "trend_ou": 0.11082604320495029}, "NVDA": {"p": 89.92989838153062, "d1_open": 90.12941982896956, "h1_open": 89.72055995998423, "m5_open": 89.89633549011951, "m1_open": 89.88433111061063, "band": {"m1": 0.0005069545532236353, "m5": 0.005818980240284995, "h1": 0.009521805131677472, "d1": 0.02080998765584841}, "garch_variance": 1.1772289263649059e-06, "prev_return": 0.0, "boundary_trend": -1, "trend_ou": 0.034244262400968756}}