{"AAPL": {"p": 60.43520021097846, "d1_open": 60.64587781624768, "h1_open": 60.01860933966563, "m5_open": 60.46517152250016, "m1_open": 60.465105262617506, "band": {"m1": 0.0004945836364488246, "m5": 0.005794084250517773, "h1": 0.009445145364243616, "d1": 0.020481377356325006}, "garch_variance": 1.0921153410010158e-06, "prev_return": 0.0, "boundary_trend": 1, "trend_ou": 0.09837699379901584}, "GOOG": {"p": 116.7912754789214, "d1_open": 115.96066030903073, "h1_open": 116.59098795459168, "m5_open": 116.73090151570756, "m1_open": 116.73131780090614, "band": {"m1": 0.0005136383204165837, "m5": 0.005832431062295289, "h1": 0.00956322292212262, "d1": 0.020987529448360638}, "garch_variance": 1.2426972069080462e-06, "prev_return": 0.0, "boundary_trend": -1, "trend_ou": 0.07238067819552974}, "AMZN": {"p": 46.91724238012862, "d1_open": 46.96789998105076, "h1_open": 46.82840694605855, "m5_open": 46.89383323090911, "m1_open": 46.893995693357944, "band": {"m1": 0.000495728428063273, "m5": 0.005796388099200752, "h1": 0.009452239378415833, "d1": 0.020511786607487512}, "garch_variance": 1.1450970312028938e-06, "prev_return": 0.0009914569373421583, "boundary_trend": -1, "trend_ou": 0.06423259034731477}, "MSFT": {"p": 168.2560705362356, "d1_open": 167.62666310367777, "h1_open": 168.69620816167418, "m5_open": 168.1727590183512, "m1_open": 168.17294059161287, "band": {"m1": 0.000494312249820207, "m5": 0.005793538095462975, "h1": 0.009443463642814783, "d1": 0.020474168477392255}, "garch_variance": 1.1512445850615284e-06, "prev_return": 0.0009886245801622947, "boundary_trend": -1, "trend_ou": 0.10345104227242216}, "NVDA": {"p": 89.77149079283261, "d1_open": 90.12941982896956, "h1_open": 89.72055995998423, "m5_open": 89.81711137604975, "m1_open": 89.72436425859662, "band": {"m1": 0.0005252367584366734, "m5": 0.005855772468556454, "h1": 0.00963509581379274, "d1": 0.021295620292488365}, "garch_variance": 1.4376295321740852e-06, "prev_return": 0.0, "boundary_trend": -1, "trend_ou": 0.039145360907102925}}