{"AAPL": {"p": 59.65920166367072, "d1_open": 60.64587781624768, "h1_open": 59.45028971705123, "m5_open": 59.635565183466795, "m1_open": 59.635565183466795, "band": {"m1": 0.0005485077612273276, "m5": 0.005902604458286494, "h1": 0.00977930094380514, "d1": 0.021913771019427018}, "garch_variance": 1.1900123233406146e-06, "prev_return": 0.0009449284458772683, "boundary_trend": 0, "trend_ou": 0.13793552722385968}, "GOOG": {"p": 116.45372675170726, "d1_open": 115.96066030903073, "h1_open": 116.54179725422264, "m5_open": 116.40528161096526, "m1_open": 116.40528161096526, "band": {"m1": 0.000549565121871074, "m5": 0.00590473235553503, "h1": 0.009785853168067803, "d1": 0.021941857830143685}, "garch_variance": 1.11601018010041e-06, "prev_return": 0.0009658060940508486, "boundary_trend": 0, "trend_ou": 0.06801336598878234}, "AMZN": {"p": 46.841290702284546, "d1_open": 46.96789998105076, "h1_open": 46.9213797279267, "m5_open": 46.86767729494002, "m1_open": 46.86767729494002, "band": {"m1": 0.0005630019275209263, "m5": 0.0059317734052852, "h1": 0.009869118007280771, "d1": 0.022298781476920326}, "garch_variance": 1.1996881860619904e-06, "prev_return": 0.0, "boundary_trend": 1, "trend_ou": 0.06092359915372593}, "MSFT": {"p": 168.3405439841592, "d1_open": 167.62666310367777, "h1_open": 167.82975859843555, "m5_open": 168.24772373966175, "m1_open": 168.24772373966175, "band": {"m1": 0.0005516879660200857, "m5": 0.005909004496975574, "h1": 0.00979900795212495, "d1": 0.02199824722022257}, "garch_variance": 1.302597627980353e-06, "prev_return": 0.0, "boundary_trend": -1, "trend_ou": 0.09605819647991226}, "NVDA": {"p": 89.30770102334273, "d1_open": 90.12941982896956, "h1_open": 89.31770008616805, "m5_open": 89.25509332379079, "m1_open": 89.25509332379079, "band": {"m1": 0.0005894083753975624, "m5": 0.005984915356532017, "h1": 0.010032752779854699, "d1": 0.023000219446639693}, "garch_variance": 1.3857992033937076e-06, "prev_return": 0.0, "boundary_trend": -1, "trend_ou": 0.0024582496995281975}}