{"AAPL": {"p": 60.22111317980335, "d1_open": 60.64587781624768, "h1_open": 60.01860933966563, "m5_open": 60.25160163332547, "m1_open": 60.25160163332547, "band": {"m1": 0.0005060189720375839, "m5": 0.005817097419467562, "h1": 0.009516007547113308, "d1": 0.020785135688983443}, "garch_variance": 1.144337177475814e-06, "prev_return": 0.0, "boundary_trend": 1, "trend_ou": 0.1390615664911431}, "GOOG": {"p": 116.78755256685226, "d1_open": 115.96066030903073, "h1_open": 116.59098795459168, "m5_open": 116.84828908718391, "m1_open": 116.84828908718391, "band": {"m1": 0.0005197895562368255, "m5": 0.005844810185591011, "h1": 0.009601340736347243, "d1": 0.02115092553954157}, "garch_variance": 1.1928064060595597e-06, "prev_return": -0.0010395792060985793, "boundary_trend": 1, "trend_ou": 0.0905415195272681}, "AMZN": {"p": 46.8540258261816, "d1_open": 46.96789998105076, "h1_open": 46.82840694605855, "m5_open": 46.828635208238104, "m1_open": 46.828635208238104, "band": {"m1": 0.0005422028173698676, "m5": 0.005889916003532854, "h1": 0.009740230635711196, "d1": 0.0217462919613109}, "garch_variance": 1.324163394146188e-06, "prev_return": 0.0, "boundary_trend": -1, "trend_ou": 0.06245298465900378}, "MSFT": {"p": 168.82265949654953, "d1_open": 167.62666310367777, "h1_open": 168.69620816167418, "m5_open": 168.73470488840513, "m1_open": 168.73470488840513, "band": {"m1": 0.0005212597384903966, "m5": 0.00584776887030348, "h1": 0.009610451122561595, "d1": 0.021189978185315057}, "garch_variance": 1.191363605325888e-06, "prev_return": 0.0, "boundary_trend": -1, "trend_ou": 0.0903519583192638}, "NVDA": {"p": 89.72333639739671, "d1_open": 90.12941982896956, "h1_open": 89.72055995998423, "m5_open": 89.77009347640698, "m1_open": 89.77009347640698, "band": {"m1": 0.0005208536295282712, "m5": 0.005846951591782454, "h1": 0.009607934557366304, "d1": 0.021179190659207463}, "garch_variance": 1.1104584142669885e-06, "prev_return": -0.0010417073532575755, "boundary_trend": 1, "trend_ou": 0.02528386222451709}}