{"AAPL": {"p": 59.95693723705615, "d1_open": 60.64587781624768, "h1_open": 59.45028971705123, "m5_open": 59.98773416707639, "m1_open": 59.92666135596403, "band": {"m1": 0.0005052155485900633, "m5": 0.005815480560968526, "h1": 0.009511028914101789, "d1": 0.020763794245617542}, "garch_variance": 9.880504936695721e-07, "prev_return": 0.001010431183148473, "boundary_trend": -1, "trend_ou": 0.1461049773545984}, "GOOG": {"p": 116.42734202432256, "d1_open": 115.96066030903073, "h1_open": 116.54179725422264, "m5_open": 116.28723198350141, "m1_open": 116.4088270247407, "band": {"m1": 0.0005237124830845528, "m5": 0.005852704923583061, "h1": 0.009625650224906662, "d1": 0.02125513076457913}, "garch_variance": 1.1423972838354632e-06, "prev_return": 0.0006828885298669461, "boundary_trend": 0, "trend_ou": 0.0784329036512978}, "AMZN": {"p": 46.810858405299165, "d1_open": 46.96789998105076, "h1_open": 46.9213797279267, "m5_open": 46.88369733097684, "m1_open": 46.835251498171914, "band": {"m1": 0.0005208276264664066, "m5": 0.0058468992616298975, "h1": 0.009607773422285422, "d1": 0.021178499936433764}, "garch_variance": 1.1660351279080096e-06, "prev_return": 0.0, "boundary_trend": 1, "trend_ou": 0.06077456396547862}, "MSFT": {"p": 168.42638303375588, "d1_open": 167.62666310367777, "h1_open": 167.82975859843555, "m5_open": 168.34029677197125, "m1_open": 168.5106545560194, "band": {"m1": 0.0005000961065967202, "m5": 0.005805177882694942, "h1": 0.009479304892370439, "d1": 0.0206278058304137}, "garch_variance": 9.423831533247485e-07, "prev_return": -0.0008545572795760543, "boundary_trend": 1, "trend_ou": 0.09106978399661807}, "NVDA": {"p": 89.57985328512869, "d1_open": 90.12941982896956, "h1_open": 89.31770008616805, "m5_open": 89.53210748612372, "m1_open": 89.53242946077617, "band": {"m1": 0.0005296832068350743, "m5": 0.005864720773345995, "h1": 0.009662649446747584, "d1": 0.02141373188976214}, "garch_variance": 1.07868501733405e-06, "prev_return": 0.0, "boundary_trend": -1, "trend_ou": 0.016799834790264315}}