{"AAPL": {"p": 60.465189359165, "d1_open": 60.64587781624768, "h1_open": 60.01860933966563, "m5_open": 60.48228132987196, "m1_open": 60.48228132987196, "band": {"m1": 0.0004965279055104168, "m5": 0.0057979970165272145, "h1": 0.009457193558957364, "d1": 0.02053302323272317}, "garch_variance": 1.0630623748858742e-06, "prev_return": -0.0007790392898978816, "boundary_trend": 0, "trend_ou": 0.11124902198600324}, "GOOG": {"p": 116.7058126897238, "d1_open": 115.96066030903073, "h1_open": 116.59098795459168, "m5_open": 116.76476419220693, "m1_open": 116.76476419220693, "band": {"m1": 0.0005048740764472454, "m5": 0.005814793361537138, "h1": 0.009508912888626065, "d1": 0.020754723675895603}, "garch_variance": 1.149340678357271e-06, "prev_return": -0.0010097482386888313, "boundary_trend": 1, "trend_ou": 0.07403356307634928}, "AMZN": {"p": 46.80902990453659, "d1_open": 46.96789998105076, "h1_open": 46.82840694605855, "m5_open": 46.831993979793495, "m1_open": 46.831993979793495, "band": {"m1": 0.0004903501496608337, "m5": 0.005785564522701956, "h1": 0.00941891140612157, "d1": 0.02036892268649304}, "garch_variance": 1.1422967955568996e-06, "prev_return": 0.0, "boundary_trend": 1, "trend_ou": 0.06083730889185407}, "MSFT": {"p": 168.34223998488352, "d1_open": 167.62666310367777, "h1_open": 168.69620816167418, "m5_open": 168.25594282376633, "m1_open": 168.25594282376633, "band": {"m1": 0.0005128922026105868, "m5": 0.0058309295291752, "h1": 0.009558599399183522, "d1": 0.02096771022233467}, "garch_variance": 1.1049293352174164e-06, "prev_return": 0.0, "boundary_trend": -1, "trend_ou": 0.11189977563334072}, "NVDA": {"p": 89.90879092700388, "d1_open": 90.12941982896956, "h1_open": 89.72055995998423, "m5_open": 89.88451650165352, "m1_open": 89.88451650165352, "band": {"m1": 0.0005104503758651932, "m5": 0.00582601544764242, "h1": 0.00954346795227275, "d1": 0.020902847655332207}, "garch_variance": 1.2371949138084242e-06, "prev_return": 0.0007806066074809679, "boundary_trend": 0, "trend_ou": 0.030330438912573452}}